GEO,TIME,UNIT,SECTOR,NA_ITEM,Value
European Union (28 countries),1995,Percentage of gross domestic product (GDP),General government,Net lending (+) /net borrowing (-),
European Union (28 countries),1996,Percentage of gross domestic product (GDP),General government,Net lending (+) /net borrowing (-),
European Union (28 countries),1997,Percentage of gross domestic product (GDP),General government,Net lending (+) /net borrowing (-),
European Union (28 countries),1998,Percentage of gross domestic product (GDP),General government,Net lending (+) /net borrowing (-),
European Union (28 countries),1999,Percentage of gross domestic product (GDP),General government,Net lending (+) /net borrowing (-),
European Union (28 countries),2000,Percentage of gross domestic product (GDP),General government,Net lending (+) /net borrowing (-),
European Union (28 countries),2001,Percentage of gross domestic product (GDP),General government,Net lending (+) /net borrowing (-),
European Union (28 countries),2002,Percentage of gross domestic product (GDP),General government,Net lending (+) /net borrowing (-),-2.6
European Union (28 countries),2003,Percentage of gross domestic product (GDP),General government,Net lending (+) /net borrowing (-),-3.2
European Union (28 countries),2004,Percentage of gross domestic product (GDP),General government,Net lending (+) /net borrowing (-),-2.9
European Union (28 countries),2005,Percentage of gross domestic product (GDP),General government,Net lending (+) /net borrowing (-),-2.5
European Union (28 countries),2006,Percentage of gross domestic product (GDP),General government,Net lending (+) /net borrowing (-),-1.6
European Union (28 countries),2007,Percentage of gross domestic product (GDP),General government,Net lending (+) /net borrowing (-),-0.9
European Union (28 countries),2008,Percentage of gross domestic product (GDP),General government,Net lending (+) /net borrowing (-),-2.4
European Union (28 countries),2009,Percentage of gross domestic product (GDP),General government,Net lending (+) /net borrowing (-),-6.6
European Union (28 countries),2010,Percentage of gross domestic product (GDP),General government,Net lending (+) /net borrowing (-),-6.4
European Union (28 countries),2011,Percentage of gross domestic product (GDP),General government,Net lending (+) /net borrowing (-),-4.6
European Union (28 countries),2012,Percentage of gross domestic product (GDP),General government,Net lending (+) /net borrowing (-),-4.3
European Union (28 countries),2013,Percentage of gross domestic product (GDP),General government,Net lending (+) /net borrowing (-),-3.3
European Union (28 countries),2014,Percentage of gross domestic product (GDP),General government,Net lending (+) /net borrowing (-),-3
European Union (28 countries),2015,Percentage of gross domestic product (GDP),General government,Net lending (+) /net borrowing (-),-2.4
European Union (27 countries),1995,Percentage of gross domestic product (GDP),General government,Net lending (+) /net borrowing (-),
European Union (27 countries),1996,Percentage of gross domestic product (GDP),General government,Net lending (+) /net borrowing (-),
European Union (27 countries),1997,Percentage of gross domestic product (GDP),General government,Net lending (+) /net borrowing (-),-2.8
European Union (27 countries),1998,Percentage of gross domestic product (GDP),General government,Net lending (+) /net borrowing (-),-2
European Union (27 countries),1999,Percentage of gross domestic product (GDP),General government,Net lending (+) /net borrowing (-),-1.1
European Union (27 countries),2000,Percentage of gross domestic product (GDP),General government,Net lending (+) /net borrowing (-),0
European Union (27 countries),2001,Percentage of gross domestic product (GDP),General government,Net lending (+) /net borrowing (-),-1.5
European Union (27 countries),2002,Percentage of gross domestic product (GDP),General government,Net lending (+) /net borrowing (-),-2.6
European Union (27 countries),2003,Percentage of gross domestic product (GDP),General government,Net lending (+) /net borrowing (-),-3.2
European Union (27 countries),2004,Percentage of gross domestic product (GDP),General government,Net lending (+) /net borrowing (-),-2.9
European Union (27 countries),2005,Percentage of gross domestic product (GDP),General government,Net lending (+) /net borrowing (-),-2.5
European Union (27 countries),2006,Percentage of gross domestic product (GDP),General government,Net lending (+) /net borrowing (-),-1.6
European Union (27 countries),2007,Percentage of gross domestic product (GDP),General government,Net lending (+) /net borrowing (-),-0.9
European Union (27 countries),2008,Percentage of gross domestic product (GDP),General government,Net lending (+) /net borrowing (-),-2.4
European Union (27 countries),2009,Percentage of gross domestic product (GDP),General government,Net lending (+) /net borrowing (-),-6.6
European Union (27 countries),2010,Percentage of gross domestic product (GDP),General government,Net lending (+) /net borrowing (-),-6.4
European Union (27 countries),2011,Percentage of gross domestic product (GDP),General government,Net lending (+) /net borrowing (-),-4.6
European Union (27 countries),2012,Percentage of gross domestic product (GDP),General government,Net lending (+) /net borrowing (-),-4.3
European Union (27 countries),2013,Percentage of gross domestic product (GDP),General government,Net lending (+) /net borrowing (-),-3.3
European Union (27 countries),2014,Percentage of gross domestic product (GDP),General government,Net lending (+) /net borrowing (-),-3
European Union (27 countries),2015,Percentage of gross domestic product (GDP),General government,Net lending (+) /net borrowing (-),-2.4
European Union (25 countries),1995,Percentage of gross domestic product (GDP),General government,Net lending (+) /net borrowing (-),-7
European Union (25 countries),1996,Percentage of gross domestic product (GDP),General government,Net lending (+) /net borrowing (-),-4.2
European Union (25 countries),1997,Percentage of gross domestic product (GDP),General government,Net lending (+) /net borrowing (-),-2.8
European Union (25 countries),1998,Percentage of gross domestic product (GDP),General government,Net lending (+) /net borrowing (-),-2
European Union (25 countries),1999,Percentage of gross domestic product (GDP),General government,Net lending (+) /net borrowing (-),-1.1
European Union (25 countries),2000,Percentage of gross domestic product (GDP),General government,Net lending (+) /net borrowing (-),0
European Union (25 countries),2001,Percentage of gross domestic product (GDP),General government,Net lending (+) /net borrowing (-),-1.5
European Union (25 countries),2002,Percentage of gross domestic product (GDP),General government,Net lending (+) /net borrowing (-),-2.6
European Union (25 countries),2003,Percentage of gross domestic product (GDP),General government,Net lending (+) /net borrowing (-),-3.2
European Union (25 countries),2004,Percentage of gross domestic product (GDP),General government,Net lending (+) /net borrowing (-),-2.9
European Union (25 countries),2005,Percentage of gross domestic product (GDP),General government,Net lending (+) /net borrowing (-),-2.5
European Union (25 countries),2006,Percentage of gross domestic product (GDP),General government,Net lending (+) /net borrowing (-),-1.6
European Union (25 countries),2007,Percentage of gross domestic product (GDP),General government,Net lending (+) /net borrowing (-),-0.9
European Union (25 countries),2008,Percentage of gross domestic product (GDP),General government,Net lending (+) /net borrowing (-),-2.4
European Union (25 countries),2009,Percentage of gross domestic product (GDP),General government,Net lending (+) /net borrowing (-),-6.6
European Union (25 countries),2010,Percentage of gross domestic product (GDP),General government,Net lending (+) /net borrowing (-),-6.4
European Union (25 countries),2011,Percentage of gross domestic product (GDP),General government,Net lending (+) /net borrowing (-),-4.6
European Union (25 countries),2012,Percentage of gross domestic product (GDP),General government,Net lending (+) /net borrowing (-),-4.3
European Union (25 countries),2013,Percentage of gross domestic product (GDP),General government,Net lending (+) /net borrowing (-),-3.3
European Union (25 countries),2014,Percentage of gross domestic product (GDP),General government,Net lending (+) /net borrowing (-),-3
European Union (25 countries),2015,Percentage of gross domestic product (GDP),General government,Net lending (+) /net borrowing (-),-2.4
Euro area (19 countries),1995,Percentage of gross domestic product (GDP),General government,Net lending (+) /net borrowing (-),-7.3
Euro area (19 countries),1996,Percentage of gross domestic product (GDP),General government,Net lending (+) /net borrowing (-),-4.3
Euro area (19 countries),1997,Percentage of gross domestic product (GDP),General government,Net lending (+) /net borrowing (-),-3
Euro area (19 countries),1998,Percentage of gross domestic product (GDP),General government,Net lending (+) /net borrowing (-),-2.4
Euro area (19 countries),1999,Percentage of gross domestic product (GDP),General government,Net lending (+) /net borrowing (-),-1.5
Euro area (19 countries),2000,Percentage of gross domestic product (GDP),General government,Net lending (+) /net borrowing (-),-0.3
Euro area (19 countries),2001,Percentage of gross domestic product (GDP),General government,Net lending (+) /net borrowing (-),-2
Euro area (19 countries),2002,Percentage of gross domestic product (GDP),General government,Net lending (+) /net borrowing (-),-2.7
Euro area (19 countries),2003,Percentage of gross domestic product (GDP),General government,Net lending (+) /net borrowing (-),-3.2
Euro area (19 countries),2004,Percentage of gross domestic product (GDP),General government,Net lending (+) /net borrowing (-),-3
Euro area (19 countries),2005,Percentage of gross domestic product (GDP),General government,Net lending (+) /net borrowing (-),-2.6
Euro area (19 countries),2006,Percentage of gross domestic product (GDP),General government,Net lending (+) /net borrowing (-),-1.5
Euro area (19 countries),2007,Percentage of gross domestic product (GDP),General government,Net lending (+) /net borrowing (-),-0.6
Euro area (19 countries),2008,Percentage of gross domestic product (GDP),General government,Net lending (+) /net borrowing (-),-2.2
Euro area (19 countries),2009,Percentage of gross domestic product (GDP),General government,Net lending (+) /net borrowing (-),-6.3
Euro area (19 countries),2010,Percentage of gross domestic product (GDP),General government,Net lending (+) /net borrowing (-),-6.2
Euro area (19 countries),2011,Percentage of gross domestic product (GDP),General government,Net lending (+) /net borrowing (-),-4.2
Euro area (19 countries),2012,Percentage of gross domestic product (GDP),General government,Net lending (+) /net borrowing (-),-3.6
Euro area (19 countries),2013,Percentage of gross domestic product (GDP),General government,Net lending (+) /net borrowing (-),-3
Euro area (19 countries),2014,Percentage of gross domestic product (GDP),General government,Net lending (+) /net borrowing (-),-2.6
Euro area (19 countries),2015,Percentage of gross domestic product (GDP),General government,Net lending (+) /net borrowing (-),-2.1
Euro area (18 countries),1995,Percentage of gross domestic product (GDP),General government,Net lending (+) /net borrowing (-),-7.4
Euro area (18 countries),1996,Percentage of gross domestic product (GDP),General government,Net lending (+) /net borrowing (-),-4.3
Euro area (18 countries),1997,Percentage of gross domestic product (GDP),General government,Net lending (+) /net borrowing (-),-3
Euro area (18 countries),1998,Percentage of gross domestic product (GDP),General government,Net lending (+) /net borrowing (-),-2.4
Euro area (18 countries),1999,Percentage of gross domestic product (GDP),General government,Net lending (+) /net borrowing (-),-1.5
Euro area (18 countries),2000,Percentage of gross domestic product (GDP),General government,Net lending (+) /net borrowing (-),-0.3
Euro area (18 countries),2001,Percentage of gross domestic product (GDP),General government,Net lending (+) /net borrowing (-),-2
Euro area (18 countries),2002,Percentage of gross domestic product (GDP),General government,Net lending (+) /net borrowing (-),-2.7
Euro area (18 countries),2003,Percentage of gross domestic product (GDP),General government,Net lending (+) /net borrowing (-),-3.2
Euro area (18 countries),2004,Percentage of gross domestic product (GDP),General government,Net lending (+) /net borrowing (-),-3
Euro area (18 countries),2005,Percentage of gross domestic product (GDP),General government,Net lending (+) /net borrowing (-),-2.6
Euro area (18 countries),2006,Percentage of gross domestic product (GDP),General government,Net lending (+) /net borrowing (-),-1.5
Euro area (18 countries),2007,Percentage of gross domestic product (GDP),General government,Net lending (+) /net borrowing (-),-0.6
Euro area (18 countries),2008,Percentage of gross domestic product (GDP),General government,Net lending (+) /net borrowing (-),-2.2
Euro area (18 countries),2009,Percentage of gross domestic product (GDP),General government,Net lending (+) /net borrowing (-),-6.3
Euro area (18 countries),2010,Percentage of gross domestic product (GDP),General government,Net lending (+) /net borrowing (-),-6.2
Euro area (18 countries),2011,Percentage of gross domestic product (GDP),General government,Net lending (+) /net borrowing (-),-4.2
Euro area (18 countries),2012,Percentage of gross domestic product (GDP),General government,Net lending (+) /net borrowing (-),-3.6
Euro area (18 countries),2013,Percentage of gross domestic product (GDP),General government,Net lending (+) /net borrowing (-),-3
Euro area (18 countries),2014,Percentage of gross domestic product (GDP),General government,Net lending (+) /net borrowing (-),-2.6
Euro area (18 countries),2015,Percentage of gross domestic product (GDP),General government,Net lending (+) /net borrowing (-),-2.1
Euro area (17 countries),1995,Percentage of gross domestic product (GDP),General government,Net lending (+) /net borrowing (-),-7.4
Euro area (17 countries),1996,Percentage of gross domestic product (GDP),General government,Net lending (+) /net borrowing (-),-4.3
Euro area (17 countries),1997,Percentage of gross domestic product (GDP),General government,Net lending (+) /net borrowing (-),-3
Euro area (17 countries),1998,Percentage of gross domestic product (GDP),General government,Net lending (+) /net borrowing (-),-2.4
Euro area (17 countries),1999,Percentage of gross domestic product (GDP),General government,Net lending (+) /net borrowing (-),-1.5
Euro area (17 countries),2000,Percentage of gross domestic product (GDP),General government,Net lending (+) /net borrowing (-),-0.3
Euro area (17 countries),2001,Percentage of gross domestic product (GDP),General government,Net lending (+) /net borrowing (-),-2
Euro area (17 countries),2002,Percentage of gross domestic product (GDP),General government,Net lending (+) /net borrowing (-),-2.7
Euro area (17 countries),2003,Percentage of gross domestic product (GDP),General government,Net lending (+) /net borrowing (-),-3.2
Euro area (17 countries),2004,Percentage of gross domestic product (GDP),General government,Net lending (+) /net borrowing (-),-3
Euro area (17 countries),2005,Percentage of gross domestic product (GDP),General government,Net lending (+) /net borrowing (-),-2.6
Euro area (17 countries),2006,Percentage of gross domestic product (GDP),General government,Net lending (+) /net borrowing (-),-1.5
Euro area (17 countries),2007,Percentage of gross domestic product (GDP),General government,Net lending (+) /net borrowing (-),-0.6
Euro area (17 countries),2008,Percentage of gross domestic product (GDP),General government,Net lending (+) /net borrowing (-),-2.2
Euro area (17 countries),2009,Percentage of gross domestic product (GDP),General government,Net lending (+) /net borrowing (-),-6.2
Euro area (17 countries),2010,Percentage of gross domestic product (GDP),General government,Net lending (+) /net borrowing (-),-6.2
Euro area (17 countries),2011,Percentage of gross domestic product (GDP),General government,Net lending (+) /net borrowing (-),-4.2
Euro area (17 countries),2012,Percentage of gross domestic product (GDP),General government,Net lending (+) /net borrowing (-),-3.6
Euro area (17 countries),2013,Percentage of gross domestic product (GDP),General government,Net lending (+) /net borrowing (-),-3
Euro area (17 countries),2014,Percentage of gross domestic product (GDP),General government,Net lending (+) /net borrowing (-),-2.6
Euro area (17 countries),2015,Percentage of gross domestic product (GDP),General government,Net lending (+) /net borrowing (-),-2.1
Belgium,1995,Percentage of gross domestic product (GDP),General government,Net lending (+) /net borrowing (-),-4.4
Belgium,1996,Percentage of gross domestic product (GDP),General government,Net lending (+) /net borrowing (-),-3.9
Belgium,1997,Percentage of gross domestic product (GDP),General government,Net lending (+) /net borrowing (-),-2.1
Belgium,1998,Percentage of gross domestic product (GDP),General government,Net lending (+) /net borrowing (-),-0.9
Belgium,1999,Percentage of gross domestic product (GDP),General government,Net lending (+) /net borrowing (-),-0.6
Belgium,2000,Percentage of gross domestic product (GDP),General government,Net lending (+) /net borrowing (-),-0.1
Belgium,2001,Percentage of gross domestic product (GDP),General government,Net lending (+) /net borrowing (-),0.2
Belgium,2002,Percentage of gross domestic product (GDP),General government,Net lending (+) /net borrowing (-),0
Belgium,2003,Percentage of gross domestic product (GDP),General government,Net lending (+) /net borrowing (-),-1.8
Belgium,2004,Percentage of gross domestic product (GDP),General government,Net lending (+) /net borrowing (-),-0.2
Belgium,2005,Percentage of gross domestic product (GDP),General government,Net lending (+) /net borrowing (-),-2.6
Belgium,2006,Percentage of gross domestic product (GDP),General government,Net lending (+) /net borrowing (-),0.2
Belgium,2007,Percentage of gross domestic product (GDP),General government,Net lending (+) /net borrowing (-),0.1
Belgium,2008,Percentage of gross domestic product (GDP),General government,Net lending (+) /net borrowing (-),-1.1
Belgium,2009,Percentage of gross domestic product (GDP),General government,Net lending (+) /net borrowing (-),-5.4
Belgium,2010,Percentage of gross domestic product (GDP),General government,Net lending (+) /net borrowing (-),-4
Belgium,2011,Percentage of gross domestic product (GDP),General government,Net lending (+) /net borrowing (-),-4.1
Belgium,2012,Percentage of gross domestic product (GDP),General government,Net lending (+) /net borrowing (-),-4.2
Belgium,2013,Percentage of gross domestic product (GDP),General government,Net lending (+) /net borrowing (-),-3
Belgium,2014,Percentage of gross domestic product (GDP),General government,Net lending (+) /net borrowing (-),-3.1
Belgium,2015,Percentage of gross domestic product (GDP),General government,Net lending (+) /net borrowing (-),-2.5
Bulgaria,1995,Percentage of gross domestic product (GDP),General government,Net lending (+) /net borrowing (-),
Bulgaria,1996,Percentage of gross domestic product (GDP),General government,Net lending (+) /net borrowing (-),
Bulgaria,1997,Percentage of gross domestic product (GDP),General government,Net lending (+) /net borrowing (-),0.8
Bulgaria,1998,Percentage of gross domestic product (GDP),General government,Net lending (+) /net borrowing (-),1.1
Bulgaria,1999,Percentage of gross domestic product (GDP),General government,Net lending (+) /net borrowing (-),0.1
Bulgaria,2000,Percentage of gross domestic product (GDP),General government,Net lending (+) /net borrowing (-),-0.5
Bulgaria,2001,Percentage of gross domestic product (GDP),General government,Net lending (+) /net borrowing (-),1.1
Bulgaria,2002,Percentage of gross domestic product (GDP),General government,Net lending (+) /net borrowing (-),-1.2
Bulgaria,2003,Percentage of gross domestic product (GDP),General government,Net lending (+) /net borrowing (-),-0.4
Bulgaria,2004,Percentage of gross domestic product (GDP),General government,Net lending (+) /net borrowing (-),1.8
Bulgaria,2005,Percentage of gross domestic product (GDP),General government,Net lending (+) /net borrowing (-),1
Bulgaria,2006,Percentage of gross domestic product (GDP),General government,Net lending (+) /net borrowing (-),1.8
Bulgaria,2007,Percentage of gross domestic product (GDP),General government,Net lending (+) /net borrowing (-),1.1
Bulgaria,2008,Percentage of gross domestic product (GDP),General government,Net lending (+) /net borrowing (-),1.6
Bulgaria,2009,Percentage of gross domestic product (GDP),General government,Net lending (+) /net borrowing (-),-4.1
Bulgaria,2010,Percentage of gross domestic product (GDP),General government,Net lending (+) /net borrowing (-),-3.1
Bulgaria,2011,Percentage of gross domestic product (GDP),General government,Net lending (+) /net borrowing (-),-2
Bulgaria,2012,Percentage of gross domestic product (GDP),General government,Net lending (+) /net borrowing (-),-0.3
Bulgaria,2013,Percentage of gross domestic product (GDP),General government,Net lending (+) /net borrowing (-),-0.4
Bulgaria,2014,Percentage of gross domestic product (GDP),General government,Net lending (+) /net borrowing (-),-5.5
Bulgaria,2015,Percentage of gross domestic product (GDP),General government,Net lending (+) /net borrowing (-),-1.7
Czech Republic,1995,Percentage of gross domestic product (GDP),General government,Net lending (+) /net borrowing (-),-12.4
Czech Republic,1996,Percentage of gross domestic product (GDP),General government,Net lending (+) /net borrowing (-),-3.1
Czech Republic,1997,Percentage of gross domestic product (GDP),General government,Net lending (+) /net borrowing (-),-3.5
Czech Republic,1998,Percentage of gross domestic product (GDP),General government,Net lending (+) /net borrowing (-),-4.6
Czech Republic,1999,Percentage of gross domestic product (GDP),General government,Net lending (+) /net borrowing (-),-3.4
Czech Republic,2000,Percentage of gross domestic product (GDP),General government,Net lending (+) /net borrowing (-),-3.5
Czech Republic,2001,Percentage of gross domestic product (GDP),General government,Net lending (+) /net borrowing (-),-5.3
Czech Republic,2002,Percentage of gross domestic product (GDP),General government,Net lending (+) /net borrowing (-),-6.3
Czech Republic,2003,Percentage of gross domestic product (GDP),General government,Net lending (+) /net borrowing (-),-6.4
Czech Republic,2004,Percentage of gross domestic product (GDP),General government,Net lending (+) /net borrowing (-),-2.7
Czech Republic,2005,Percentage of gross domestic product (GDP),General government,Net lending (+) /net borrowing (-),-3.1
Czech Republic,2006,Percentage of gross domestic product (GDP),General government,Net lending (+) /net borrowing (-),-2.3
Czech Republic,2007,Percentage of gross domestic product (GDP),General government,Net lending (+) /net borrowing (-),-0.7
Czech Republic,2008,Percentage of gross domestic product (GDP),General government,Net lending (+) /net borrowing (-),-2.1
Czech Republic,2009,Percentage of gross domestic product (GDP),General government,Net lending (+) /net borrowing (-),-5.5
Czech Republic,2010,Percentage of gross domestic product (GDP),General government,Net lending (+) /net borrowing (-),-4.4
Czech Republic,2011,Percentage of gross domestic product (GDP),General government,Net lending (+) /net borrowing (-),-2.7
Czech Republic,2012,Percentage of gross domestic product (GDP),General government,Net lending (+) /net borrowing (-),-3.9
Czech Republic,2013,Percentage of gross domestic product (GDP),General government,Net lending (+) /net borrowing (-),-1.2
Czech Republic,2014,Percentage of gross domestic product (GDP),General government,Net lending (+) /net borrowing (-),-1.9
Czech Republic,2015,Percentage of gross domestic product (GDP),General government,Net lending (+) /net borrowing (-),-0.6
Denmark,1995,Percentage of gross domestic product (GDP),General government,Net lending (+) /net borrowing (-),-3.6
Denmark,1996,Percentage of gross domestic product (GDP),General government,Net lending (+) /net borrowing (-),-2.5
Denmark,1997,Percentage of gross domestic product (GDP),General government,Net lending (+) /net borrowing (-),-1.2
Denmark,1998,Percentage of gross domestic product (GDP),General government,Net lending (+) /net borrowing (-),-0.4
Denmark,1999,Percentage of gross domestic product (GDP),General government,Net lending (+) /net borrowing (-),0.9
Denmark,2000,Percentage of gross domestic product (GDP),General government,Net lending (+) /net borrowing (-),1.9
Denmark,2001,Percentage of gross domestic product (GDP),General government,Net lending (+) /net borrowing (-),1.1
Denmark,2002,Percentage of gross domestic product (GDP),General government,Net lending (+) /net borrowing (-),0
Denmark,2003,Percentage of gross domestic product (GDP),General government,Net lending (+) /net borrowing (-),-0.1
Denmark,2004,Percentage of gross domestic product (GDP),General government,Net lending (+) /net borrowing (-),2.1
Denmark,2005,Percentage of gross domestic product (GDP),General government,Net lending (+) /net borrowing (-),5
Denmark,2006,Percentage of gross domestic product (GDP),General government,Net lending (+) /net borrowing (-),5
Denmark,2007,Percentage of gross domestic product (GDP),General government,Net lending (+) /net borrowing (-),5
Denmark,2008,Percentage of gross domestic product (GDP),General government,Net lending (+) /net borrowing (-),3.2
Denmark,2009,Percentage of gross domestic product (GDP),General government,Net lending (+) /net borrowing (-),-2.8
Denmark,2010,Percentage of gross domestic product (GDP),General government,Net lending (+) /net borrowing (-),-2.7
Denmark,2011,Percentage of gross domestic product (GDP),General government,Net lending (+) /net borrowing (-),-2.1
Denmark,2012,Percentage of gross domestic product (GDP),General government,Net lending (+) /net borrowing (-),-3.5
Denmark,2013,Percentage of gross domestic product (GDP),General government,Net lending (+) /net borrowing (-),-1.1
Denmark,2014,Percentage of gross domestic product (GDP),General government,Net lending (+) /net borrowing (-),1.5
Denmark,2015,Percentage of gross domestic product (GDP),General government,Net lending (+) /net borrowing (-),-1.7
Germany (until 1990 former territory of the FRG),1995,Percentage of gross domestic product (GDP),General government,Net lending (+) /net borrowing (-),-9.4
Germany (until 1990 former territory of the FRG),1996,Percentage of gross domestic product (GDP),General government,Net lending (+) /net borrowing (-),-3.5
Germany (until 1990 former territory of the FRG),1997,Percentage of gross domestic product (GDP),General government,Net lending (+) /net borrowing (-),-2.9
Germany (until 1990 former territory of the FRG),1998,Percentage of gross domestic product (GDP),General government,Net lending (+) /net borrowing (-),-2.5
Germany (until 1990 former territory of the FRG),1999,Percentage of gross domestic product (GDP),General government,Net lending (+) /net borrowing (-),-1.7
Germany (until 1990 former territory of the FRG),2000,Percentage of gross domestic product (GDP),General government,Net lending (+) /net borrowing (-),0.9
Germany (until 1990 former territory of the FRG),2001,Percentage of gross domestic product (GDP),General government,Net lending (+) /net borrowing (-),-3.1
Germany (until 1990 former territory of the FRG),2002,Percentage of gross domestic product (GDP),General government,Net lending (+) /net borrowing (-),-3.9
Germany (until 1990 former territory of the FRG),2003,Percentage of gross domestic product (GDP),General government,Net lending (+) /net borrowing (-),-4.2
Germany (until 1990 former territory of the FRG),2004,Percentage of gross domestic product (GDP),General government,Net lending (+) /net borrowing (-),-3.7
Germany (until 1990 former territory of the FRG),2005,Percentage of gross domestic product (GDP),General government,Net lending (+) /net borrowing (-),-3.4
Germany (until 1990 former territory of the FRG),2006,Percentage of gross domestic product (GDP),General government,Net lending (+) /net borrowing (-),-1.7
Germany (until 1990 former territory of the FRG),2007,Percentage of gross domestic product (GDP),General government,Net lending (+) /net borrowing (-),0.2
Germany (until 1990 former territory of the FRG),2008,Percentage of gross domestic product (GDP),General government,Net lending (+) /net borrowing (-),-0.2
Germany (until 1990 former territory of the FRG),2009,Percentage of gross domestic product (GDP),General government,Net lending (+) /net borrowing (-),-3.2
Germany (until 1990 former territory of the FRG),2010,Percentage of gross domestic product (GDP),General government,Net lending (+) /net borrowing (-),-4.2
Germany (until 1990 former territory of the FRG),2011,Percentage of gross domestic product (GDP),General government,Net lending (+) /net borrowing (-),-1
Germany (until 1990 former territory of the FRG),2012,Percentage of gross domestic product (GDP),General government,Net lending (+) /net borrowing (-),0
Germany (until 1990 former territory of the FRG),2013,Percentage of gross domestic product (GDP),General government,Net lending (+) /net borrowing (-),-0.2
Germany (until 1990 former territory of the FRG),2014,Percentage of gross domestic product (GDP),General government,Net lending (+) /net borrowing (-),0.3
Germany (until 1990 former territory of the FRG),2015,Percentage of gross domestic product (GDP),General government,Net lending (+) /net borrowing (-),0.7
Estonia,1995,Percentage of gross domestic product (GDP),General government,Net lending (+) /net borrowing (-),1.1
Estonia,1996,Percentage of gross domestic product (GDP),General government,Net lending (+) /net borrowing (-),-0.4
Estonia,1997,Percentage of gross domestic product (GDP),General government,Net lending (+) /net borrowing (-),2.2
Estonia,1998,Percentage of gross domestic product (GDP),General government,Net lending (+) /net borrowing (-),-0.8
Estonia,1999,Percentage of gross domestic product (GDP),General government,Net lending (+) /net borrowing (-),-3.3
Estonia,2000,Percentage of gross domestic product (GDP),General government,Net lending (+) /net borrowing (-),-0.1
Estonia,2001,Percentage of gross domestic product (GDP),General government,Net lending (+) /net borrowing (-),0.2
Estonia,2002,Percentage of gross domestic product (GDP),General government,Net lending (+) /net borrowing (-),0.4
Estonia,2003,Percentage of gross domestic product (GDP),General government,Net lending (+) /net borrowing (-),1.8
Estonia,2004,Percentage of gross domestic product (GDP),General government,Net lending (+) /net borrowing (-),2.4
Estonia,2005,Percentage of gross domestic product (GDP),General government,Net lending (+) /net borrowing (-),1.1
Estonia,2006,Percentage of gross domestic product (GDP),General government,Net lending (+) /net borrowing (-),2.9
Estonia,2007,Percentage of gross domestic product (GDP),General government,Net lending (+) /net borrowing (-),2.7
Estonia,2008,Percentage of gross domestic product (GDP),General government,Net lending (+) /net borrowing (-),-2.7
Estonia,2009,Percentage of gross domestic product (GDP),General government,Net lending (+) /net borrowing (-),-2.2
Estonia,2010,Percentage of gross domestic product (GDP),General government,Net lending (+) /net borrowing (-),0.2
Estonia,2011,Percentage of gross domestic product (GDP),General government,Net lending (+) /net borrowing (-),1.2
Estonia,2012,Percentage of gross domestic product (GDP),General government,Net lending (+) /net borrowing (-),-0.3
Estonia,2013,Percentage of gross domestic product (GDP),General government,Net lending (+) /net borrowing (-),-0.2
Estonia,2014,Percentage of gross domestic product (GDP),General government,Net lending (+) /net borrowing (-),0.7
Estonia,2015,Percentage of gross domestic product (GDP),General government,Net lending (+) /net borrowing (-),0.1
Ireland,1995,Percentage of gross domestic product (GDP),General government,Net lending (+) /net borrowing (-),-2.1
Ireland,1996,Percentage of gross domestic product (GDP),General government,Net lending (+) /net borrowing (-),-0.3
Ireland,1997,Percentage of gross domestic product (GDP),General government,Net lending (+) /net borrowing (-),1.3
Ireland,1998,Percentage of gross domestic product (GDP),General government,Net lending (+) /net borrowing (-),2
Ireland,1999,Percentage of gross domestic product (GDP),General government,Net lending (+) /net borrowing (-),2.4
Ireland,2000,Percentage of gross domestic product (GDP),General government,Net lending (+) /net borrowing (-),4.9
Ireland,2001,Percentage of gross domestic product (GDP),General government,Net lending (+) /net borrowing (-),1
Ireland,2002,Percentage of gross domestic product (GDP),General government,Net lending (+) /net borrowing (-),-0.3
Ireland,2003,Percentage of gross domestic product (GDP),General government,Net lending (+) /net borrowing (-),0.4
Ireland,2004,Percentage of gross domestic product (GDP),General government,Net lending (+) /net borrowing (-),1.3
Ireland,2005,Percentage of gross domestic product (GDP),General government,Net lending (+) /net borrowing (-),1.6
Ireland,2006,Percentage of gross domestic product (GDP),General government,Net lending (+) /net borrowing (-),2.8
Ireland,2007,Percentage of gross domestic product (GDP),General government,Net lending (+) /net borrowing (-),0.3
Ireland,2008,Percentage of gross domestic product (GDP),General government,Net lending (+) /net borrowing (-),-7
Ireland,2009,Percentage of gross domestic product (GDP),General government,Net lending (+) /net borrowing (-),-13.8
Ireland,2010,Percentage of gross domestic product (GDP),General government,Net lending (+) /net borrowing (-),-32.1
Ireland,2011,Percentage of gross domestic product (GDP),General government,Net lending (+) /net borrowing (-),-12.6
Ireland,2012,Percentage of gross domestic product (GDP),General government,Net lending (+) /net borrowing (-),-8
Ireland,2013,Percentage of gross domestic product (GDP),General government,Net lending (+) /net borrowing (-),-5.7
Ireland,2014,Percentage of gross domestic product (GDP),General government,Net lending (+) /net borrowing (-),-3.7
Ireland,2015,Percentage of gross domestic product (GDP),General government,Net lending (+) /net borrowing (-),-1.9
Greece,1995,Percentage of gross domestic product (GDP),General government,Net lending (+) /net borrowing (-),-9.7
Greece,1996,Percentage of gross domestic product (GDP),General government,Net lending (+) /net borrowing (-),-8.2
Greece,1997,Percentage of gross domestic product (GDP),General government,Net lending (+) /net borrowing (-),-6.1
Greece,1998,Percentage of gross domestic product (GDP),General government,Net lending (+) /net borrowing (-),-6.3
Greece,1999,Percentage of gross domestic product (GDP),General government,Net lending (+) /net borrowing (-),-5.8
Greece,2000,Percentage of gross domestic product (GDP),General government,Net lending (+) /net borrowing (-),-4.1
Greece,2001,Percentage of gross domestic product (GDP),General government,Net lending (+) /net borrowing (-),-5.5
Greece,2002,Percentage of gross domestic product (GDP),General government,Net lending (+) /net borrowing (-),-6
Greece,2003,Percentage of gross domestic product (GDP),General government,Net lending (+) /net borrowing (-),-7.8
Greece,2004,Percentage of gross domestic product (GDP),General government,Net lending (+) /net borrowing (-),-8.8
Greece,2005,Percentage of gross domestic product (GDP),General government,Net lending (+) /net borrowing (-),-6.2
Greece,2006,Percentage of gross domestic product (GDP),General government,Net lending (+) /net borrowing (-),-5.9
Greece,2007,Percentage of gross domestic product (GDP),General government,Net lending (+) /net borrowing (-),-6.7
Greece,2008,Percentage of gross domestic product (GDP),General government,Net lending (+) /net borrowing (-),-10.2
Greece,2009,Percentage of gross domestic product (GDP),General government,Net lending (+) /net borrowing (-),-15.1
Greece,2010,Percentage of gross domestic product (GDP),General government,Net lending (+) /net borrowing (-),-11.2
Greece,2011,Percentage of gross domestic product (GDP),General government,Net lending (+) /net borrowing (-),-10.3
Greece,2012,Percentage of gross domestic product (GDP),General government,Net lending (+) /net borrowing (-),-8.8
Greece,2013,Percentage of gross domestic product (GDP),General government,Net lending (+) /net borrowing (-),-13.2
Greece,2014,Percentage of gross domestic product (GDP),General government,Net lending (+) /net borrowing (-),-3.6
Greece,2015,Percentage of gross domestic product (GDP),General government,Net lending (+) /net borrowing (-),-7.5
Spain,1995,Percentage of gross domestic product (GDP),General government,Net lending (+) /net borrowing (-),-7
Spain,1996,Percentage of gross domestic product (GDP),General government,Net lending (+) /net borrowing (-),-5.4
Spain,1997,Percentage of gross domestic product (GDP),General government,Net lending (+) /net borrowing (-),-3.9
Spain,1998,Percentage of gross domestic product (GDP),General government,Net lending (+) /net borrowing (-),-2.9
Spain,1999,Percentage of gross domestic product (GDP),General government,Net lending (+) /net borrowing (-),-1.3
Spain,2000,Percentage of gross domestic product (GDP),General government,Net lending (+) /net borrowing (-),-1
Spain,2001,Percentage of gross domestic product (GDP),General government,Net lending (+) /net borrowing (-),-0.5
Spain,2002,Percentage of gross domestic product (GDP),General government,Net lending (+) /net borrowing (-),-0.4
Spain,2003,Percentage of gross domestic product (GDP),General government,Net lending (+) /net borrowing (-),-0.4
Spain,2004,Percentage of gross domestic product (GDP),General government,Net lending (+) /net borrowing (-),0
Spain,2005,Percentage of gross domestic product (GDP),General government,Net lending (+) /net borrowing (-),1.2
Spain,2006,Percentage of gross domestic product (GDP),General government,Net lending (+) /net borrowing (-),2.2
Spain,2007,Percentage of gross domestic product (GDP),General government,Net lending (+) /net borrowing (-),2
Spain,2008,Percentage of gross domestic product (GDP),General government,Net lending (+) /net borrowing (-),-4.4
Spain,2009,Percentage of gross domestic product (GDP),General government,Net lending (+) /net borrowing (-),-11
Spain,2010,Percentage of gross domestic product (GDP),General government,Net lending (+) /net borrowing (-),-9.4
Spain,2011,Percentage of gross domestic product (GDP),General government,Net lending (+) /net borrowing (-),-9.6
Spain,2012,Percentage of gross domestic product (GDP),General government,Net lending (+) /net borrowing (-),-10.5
Spain,2013,Percentage of gross domestic product (GDP),General government,Net lending (+) /net borrowing (-),-7
Spain,2014,Percentage of gross domestic product (GDP),General government,Net lending (+) /net borrowing (-),-6
Spain,2015,Percentage of gross domestic product (GDP),General government,Net lending (+) /net borrowing (-),-5.1
France,1995,Percentage of gross domestic product (GDP),General government,Net lending (+) /net borrowing (-),-5.1
France,1996,Percentage of gross domestic product (GDP),General government,Net lending (+) /net borrowing (-),-3.9
France,1997,Percentage of gross domestic product (GDP),General government,Net lending (+) /net borrowing (-),-3.6
France,1998,Percentage of gross domestic product (GDP),General government,Net lending (+) /net borrowing (-),-2.4
France,1999,Percentage of gross domestic product (GDP),General government,Net lending (+) /net borrowing (-),-1.6
France,2000,Percentage of gross domestic product (GDP),General government,Net lending (+) /net borrowing (-),-1.3
France,2001,Percentage of gross domestic product (GDP),General government,Net lending (+) /net borrowing (-),-1.4
France,2002,Percentage of gross domestic product (GDP),General government,Net lending (+) /net borrowing (-),-3.1
France,2003,Percentage of gross domestic product (GDP),General government,Net lending (+) /net borrowing (-),-3.9
France,2004,Percentage of gross domestic product (GDP),General government,Net lending (+) /net borrowing (-),-3.5
France,2005,Percentage of gross domestic product (GDP),General government,Net lending (+) /net borrowing (-),-3.2
France,2006,Percentage of gross domestic product (GDP),General government,Net lending (+) /net borrowing (-),-2.3
France,2007,Percentage of gross domestic product (GDP),General government,Net lending (+) /net borrowing (-),-2.5
France,2008,Percentage of gross domestic product (GDP),General government,Net lending (+) /net borrowing (-),-3.2
France,2009,Percentage of gross domestic product (GDP),General government,Net lending (+) /net borrowing (-),-7.2
France,2010,Percentage of gross domestic product (GDP),General government,Net lending (+) /net borrowing (-),-6.8
France,2011,Percentage of gross domestic product (GDP),General government,Net lending (+) /net borrowing (-),-5.1
France,2012,Percentage of gross domestic product (GDP),General government,Net lending (+) /net borrowing (-),-4.8
France,2013,Percentage of gross domestic product (GDP),General government,Net lending (+) /net borrowing (-),-4
France,2014,Percentage of gross domestic product (GDP),General government,Net lending (+) /net borrowing (-),-4
France,2015,Percentage of gross domestic product (GDP),General government,Net lending (+) /net borrowing (-),-3.5
Croatia,1995,Percentage of gross domestic product (GDP),General government,Net lending (+) /net borrowing (-),
Croatia,1996,Percentage of gross domestic product (GDP),General government,Net lending (+) /net borrowing (-),
Croatia,1997,Percentage of gross domestic product (GDP),General government,Net lending (+) /net borrowing (-),
Croatia,1998,Percentage of gross domestic product (GDP),General government,Net lending (+) /net borrowing (-),
Croatia,1999,Percentage of gross domestic product (GDP),General government,Net lending (+) /net borrowing (-),
Croatia,2000,Percentage of gross domestic product (GDP),General government,Net lending (+) /net borrowing (-),
Croatia,2001,Percentage of gross domestic product (GDP),General government,Net lending (+) /net borrowing (-),
Croatia,2002,Percentage of gross domestic product (GDP),General government,Net lending (+) /net borrowing (-),-3.5
Croatia,2003,Percentage of gross domestic product (GDP),General government,Net lending (+) /net borrowing (-),-4.7
Croatia,2004,Percentage of gross domestic product (GDP),General government,Net lending (+) /net borrowing (-),-5.2
Croatia,2005,Percentage of gross domestic product (GDP),General government,Net lending (+) /net borrowing (-),-3.9
Croatia,2006,Percentage of gross domestic product (GDP),General government,Net lending (+) /net borrowing (-),-3.4
Croatia,2007,Percentage of gross domestic product (GDP),General government,Net lending (+) /net borrowing (-),-2.4
Croatia,2008,Percentage of gross domestic product (GDP),General government,Net lending (+) /net borrowing (-),-2.8
Croatia,2009,Percentage of gross domestic product (GDP),General government,Net lending (+) /net borrowing (-),-6
Croatia,2010,Percentage of gross domestic product (GDP),General government,Net lending (+) /net borrowing (-),-6.2
Croatia,2011,Percentage of gross domestic product (GDP),General government,Net lending (+) /net borrowing (-),-7.8
Croatia,2012,Percentage of gross domestic product (GDP),General government,Net lending (+) /net borrowing (-),-5.3
Croatia,2013,Percentage of gross domestic product (GDP),General government,Net lending (+) /net borrowing (-),-5.3
Croatia,2014,Percentage of gross domestic product (GDP),General government,Net lending (+) /net borrowing (-),-5.4
Croatia,2015,Percentage of gross domestic product (GDP),General government,Net lending (+) /net borrowing (-),-3.3
Italy,1995,Percentage of gross domestic product (GDP),General government,Net lending (+) /net borrowing (-),-7.3
Italy,1996,Percentage of gross domestic product (GDP),General government,Net lending (+) /net borrowing (-),-6.7
Italy,1997,Percentage of gross domestic product (GDP),General government,Net lending (+) /net borrowing (-),-3
Italy,1998,Percentage of gross domestic product (GDP),General government,Net lending (+) /net borrowing (-),-3
Italy,1999,Percentage of gross domestic product (GDP),General government,Net lending (+) /net borrowing (-),-1.8
Italy,2000,Percentage of gross domestic product (GDP),General government,Net lending (+) /net borrowing (-),-1.3
Italy,2001,Percentage of gross domestic product (GDP),General government,Net lending (+) /net borrowing (-),-3.4
Italy,2002,Percentage of gross domestic product (GDP),General government,Net lending (+) /net borrowing (-),-3.1
Italy,2003,Percentage of gross domestic product (GDP),General government,Net lending (+) /net borrowing (-),-3.4
Italy,2004,Percentage of gross domestic product (GDP),General government,Net lending (+) /net borrowing (-),-3.6
Italy,2005,Percentage of gross domestic product (GDP),General government,Net lending (+) /net borrowing (-),-4.2
Italy,2006,Percentage of gross domestic product (GDP),General government,Net lending (+) /net borrowing (-),-3.6
Italy,2007,Percentage of gross domestic product (GDP),General government,Net lending (+) /net borrowing (-),-1.5
Italy,2008,Percentage of gross domestic product (GDP),General government,Net lending (+) /net borrowing (-),-2.7
Italy,2009,Percentage of gross domestic product (GDP),General government,Net lending (+) /net borrowing (-),-5.3
Italy,2010,Percentage of gross domestic product (GDP),General government,Net lending (+) /net borrowing (-),-4.2
Italy,2011,Percentage of gross domestic product (GDP),General government,Net lending (+) /net borrowing (-),-3.7
Italy,2012,Percentage of gross domestic product (GDP),General government,Net lending (+) /net borrowing (-),-2.9
Italy,2013,Percentage of gross domestic product (GDP),General government,Net lending (+) /net borrowing (-),-2.7
Italy,2014,Percentage of gross domestic product (GDP),General government,Net lending (+) /net borrowing (-),-3
Italy,2015,Percentage of gross domestic product (GDP),General government,Net lending (+) /net borrowing (-),-2.6
Cyprus,1995,Percentage of gross domestic product (GDP),General government,Net lending (+) /net borrowing (-),-0.7
Cyprus,1996,Percentage of gross domestic product (GDP),General government,Net lending (+) /net borrowing (-),-3
Cyprus,1997,Percentage of gross domestic product (GDP),General government,Net lending (+) /net borrowing (-),-4.8
Cyprus,1998,Percentage of gross domestic product (GDP),General government,Net lending (+) /net borrowing (-),-3.8
Cyprus,1999,Percentage of gross domestic product (GDP),General government,Net lending (+) /net borrowing (-),-4
Cyprus,2000,Percentage of gross domestic product (GDP),General government,Net lending (+) /net borrowing (-),-2.2
Cyprus,2001,Percentage of gross domestic product (GDP),General government,Net lending (+) /net borrowing (-),-2.1
Cyprus,2002,Percentage of gross domestic product (GDP),General government,Net lending (+) /net borrowing (-),-4.1
Cyprus,2003,Percentage of gross domestic product (GDP),General government,Net lending (+) /net borrowing (-),-5.9
Cyprus,2004,Percentage of gross domestic product (GDP),General government,Net lending (+) /net borrowing (-),-3.7
Cyprus,2005,Percentage of gross domestic product (GDP),General government,Net lending (+) /net borrowing (-),-2.2
Cyprus,2006,Percentage of gross domestic product (GDP),General government,Net lending (+) /net borrowing (-),-1
Cyprus,2007,Percentage of gross domestic product (GDP),General government,Net lending (+) /net borrowing (-),3.2
Cyprus,2008,Percentage of gross domestic product (GDP),General government,Net lending (+) /net borrowing (-),0.9
Cyprus,2009,Percentage of gross domestic product (GDP),General government,Net lending (+) /net borrowing (-),-5.4
Cyprus,2010,Percentage of gross domestic product (GDP),General government,Net lending (+) /net borrowing (-),-4.7
Cyprus,2011,Percentage of gross domestic product (GDP),General government,Net lending (+) /net borrowing (-),-5.7
Cyprus,2012,Percentage of gross domestic product (GDP),General government,Net lending (+) /net borrowing (-),-5.8
Cyprus,2013,Percentage of gross domestic product (GDP),General government,Net lending (+) /net borrowing (-),-4.9
Cyprus,2014,Percentage of gross domestic product (GDP),General government,Net lending (+) /net borrowing (-),-8.8
Cyprus,2015,Percentage of gross domestic product (GDP),General government,Net lending (+) /net borrowing (-),-1.1
Latvia,1995,Percentage of gross domestic product (GDP),General government,Net lending (+) /net borrowing (-),-1.4
Latvia,1996,Percentage of gross domestic product (GDP),General government,Net lending (+) /net borrowing (-),-0.4
Latvia,1997,Percentage of gross domestic product (GDP),General government,Net lending (+) /net borrowing (-),1.4
Latvia,1998,Percentage of gross domestic product (GDP),General government,Net lending (+) /net borrowing (-),0
Latvia,1999,Percentage of gross domestic product (GDP),General government,Net lending (+) /net borrowing (-),-3.7
Latvia,2000,Percentage of gross domestic product (GDP),General government,Net lending (+) /net borrowing (-),-2.7
Latvia,2001,Percentage of gross domestic product (GDP),General government,Net lending (+) /net borrowing (-),-2
Latvia,2002,Percentage of gross domestic product (GDP),General government,Net lending (+) /net borrowing (-),-2.2
Latvia,2003,Percentage of gross domestic product (GDP),General government,Net lending (+) /net borrowing (-),-1.6
Latvia,2004,Percentage of gross domestic product (GDP),General government,Net lending (+) /net borrowing (-),-1
Latvia,2005,Percentage of gross domestic product (GDP),General government,Net lending (+) /net borrowing (-),-0.4
Latvia,2006,Percentage of gross domestic product (GDP),General government,Net lending (+) /net borrowing (-),-0.6
Latvia,2007,Percentage of gross domestic product (GDP),General government,Net lending (+) /net borrowing (-),-0.7
Latvia,2008,Percentage of gross domestic product (GDP),General government,Net lending (+) /net borrowing (-),-4.1
Latvia,2009,Percentage of gross domestic product (GDP),General government,Net lending (+) /net borrowing (-),-9.1
Latvia,2010,Percentage of gross domestic product (GDP),General government,Net lending (+) /net borrowing (-),-8.5
Latvia,2011,Percentage of gross domestic product (GDP),General government,Net lending (+) /net borrowing (-),-3.4
Latvia,2012,Percentage of gross domestic product (GDP),General government,Net lending (+) /net borrowing (-),-0.8
Latvia,2013,Percentage of gross domestic product (GDP),General government,Net lending (+) /net borrowing (-),-0.9
Latvia,2014,Percentage of gross domestic product (GDP),General government,Net lending (+) /net borrowing (-),-1.6
Latvia,2015,Percentage of gross domestic product (GDP),General government,Net lending (+) /net borrowing (-),-1.3
Lithuania,1995,Percentage of gross domestic product (GDP),General government,Net lending (+) /net borrowing (-),-1.5
Lithuania,1996,Percentage of gross domestic product (GDP),General government,Net lending (+) /net borrowing (-),-3.2
Lithuania,1997,Percentage of gross domestic product (GDP),General government,Net lending (+) /net borrowing (-),-11.8
Lithuania,1998,Percentage of gross domestic product (GDP),General government,Net lending (+) /net borrowing (-),-3
Lithuania,1999,Percentage of gross domestic product (GDP),General government,Net lending (+) /net borrowing (-),-2.8
Lithuania,2000,Percentage of gross domestic product (GDP),General government,Net lending (+) /net borrowing (-),-3.2
Lithuania,2001,Percentage of gross domestic product (GDP),General government,Net lending (+) /net borrowing (-),-3.5
Lithuania,2002,Percentage of gross domestic product (GDP),General government,Net lending (+) /net borrowing (-),-1.9
Lithuania,2003,Percentage of gross domestic product (GDP),General government,Net lending (+) /net borrowing (-),-1.3
Lithuania,2004,Percentage of gross domestic product (GDP),General government,Net lending (+) /net borrowing (-),-1.4
Lithuania,2005,Percentage of gross domestic product (GDP),General government,Net lending (+) /net borrowing (-),-0.3
Lithuania,2006,Percentage of gross domestic product (GDP),General government,Net lending (+) /net borrowing (-),-0.3
Lithuania,2007,Percentage of gross domestic product (GDP),General government,Net lending (+) /net borrowing (-),-0.8
Lithuania,2008,Percentage of gross domestic product (GDP),General government,Net lending (+) /net borrowing (-),-3.1
Lithuania,2009,Percentage of gross domestic product (GDP),General government,Net lending (+) /net borrowing (-),-9.1
Lithuania,2010,Percentage of gross domestic product (GDP),General government,Net lending (+) /net borrowing (-),-6.9
Lithuania,2011,Percentage of gross domestic product (GDP),General government,Net lending (+) /net borrowing (-),-8.9
Lithuania,2012,Percentage of gross domestic product (GDP),General government,Net lending (+) /net borrowing (-),-3.1
Lithuania,2013,Percentage of gross domestic product (GDP),General government,Net lending (+) /net borrowing (-),-2.6
Lithuania,2014,Percentage of gross domestic product (GDP),General government,Net lending (+) /net borrowing (-),-0.7
Lithuania,2015,Percentage of gross domestic product (GDP),General government,Net lending (+) /net borrowing (-),-0.2
Luxembourg,1995,Percentage of gross domestic product (GDP),General government,Net lending (+) /net borrowing (-),2.7
Luxembourg,1996,Percentage of gross domestic product (GDP),General government,Net lending (+) /net borrowing (-),1.6
Luxembourg,1997,Percentage of gross domestic product (GDP),General government,Net lending (+) /net borrowing (-),2.8
Luxembourg,1998,Percentage of gross domestic product (GDP),General government,Net lending (+) /net borrowing (-),3.2
Luxembourg,1999,Percentage of gross domestic product (GDP),General government,Net lending (+) /net borrowing (-),3.5
Luxembourg,2000,Percentage of gross domestic product (GDP),General government,Net lending (+) /net borrowing (-),5.9
Luxembourg,2001,Percentage of gross domestic product (GDP),General government,Net lending (+) /net borrowing (-),6
Luxembourg,2002,Percentage of gross domestic product (GDP),General government,Net lending (+) /net borrowing (-),2.5
Luxembourg,2003,Percentage of gross domestic product (GDP),General government,Net lending (+) /net borrowing (-),0.2
Luxembourg,2004,Percentage of gross domestic product (GDP),General government,Net lending (+) /net borrowing (-),-1.3
Luxembourg,2005,Percentage of gross domestic product (GDP),General government,Net lending (+) /net borrowing (-),0.1
Luxembourg,2006,Percentage of gross domestic product (GDP),General government,Net lending (+) /net borrowing (-),2
Luxembourg,2007,Percentage of gross domestic product (GDP),General government,Net lending (+) /net borrowing (-),4.2
Luxembourg,2008,Percentage of gross domestic product (GDP),General government,Net lending (+) /net borrowing (-),3.4
Luxembourg,2009,Percentage of gross domestic product (GDP),General government,Net lending (+) /net borrowing (-),-0.7
Luxembourg,2010,Percentage of gross domestic product (GDP),General government,Net lending (+) /net borrowing (-),-0.7
Luxembourg,2011,Percentage of gross domestic product (GDP),General government,Net lending (+) /net borrowing (-),0.5
Luxembourg,2012,Percentage of gross domestic product (GDP),General government,Net lending (+) /net borrowing (-),0.3
Luxembourg,2013,Percentage of gross domestic product (GDP),General government,Net lending (+) /net borrowing (-),1
Luxembourg,2014,Percentage of gross domestic product (GDP),General government,Net lending (+) /net borrowing (-),1.5
Luxembourg,2015,Percentage of gross domestic product (GDP),General government,Net lending (+) /net borrowing (-),1.6
Hungary,1995,Percentage of gross domestic product (GDP),General government,Net lending (+) /net borrowing (-),-8.6
Hungary,1996,Percentage of gross domestic product (GDP),General government,Net lending (+) /net borrowing (-),-4.4
Hungary,1997,Percentage of gross domestic product (GDP),General government,Net lending (+) /net borrowing (-),-5.5
Hungary,1998,Percentage of gross domestic product (GDP),General government,Net lending (+) /net borrowing (-),-7.5
Hungary,1999,Percentage of gross domestic product (GDP),General government,Net lending (+) /net borrowing (-),-5.1
Hungary,2000,Percentage of gross domestic product (GDP),General government,Net lending (+) /net borrowing (-),-3
Hungary,2001,Percentage of gross domestic product (GDP),General government,Net lending (+) /net borrowing (-),-4.1
Hungary,2002,Percentage of gross domestic product (GDP),General government,Net lending (+) /net borrowing (-),-8.8
Hungary,2003,Percentage of gross domestic product (GDP),General government,Net lending (+) /net borrowing (-),-7.1
Hungary,2004,Percentage of gross domestic product (GDP),General government,Net lending (+) /net borrowing (-),-6.3
Hungary,2005,Percentage of gross domestic product (GDP),General government,Net lending (+) /net borrowing (-),-7.8
Hungary,2006,Percentage of gross domestic product (GDP),General government,Net lending (+) /net borrowing (-),-9.3
Hungary,2007,Percentage of gross domestic product (GDP),General government,Net lending (+) /net borrowing (-),-5.1
Hungary,2008,Percentage of gross domestic product (GDP),General government,Net lending (+) /net borrowing (-),-3.6
Hungary,2009,Percentage of gross domestic product (GDP),General government,Net lending (+) /net borrowing (-),-4.6
Hungary,2010,Percentage of gross domestic product (GDP),General government,Net lending (+) /net borrowing (-),-4.5
Hungary,2011,Percentage of gross domestic product (GDP),General government,Net lending (+) /net borrowing (-),-5.5
Hungary,2012,Percentage of gross domestic product (GDP),General government,Net lending (+) /net borrowing (-),-2.3
Hungary,2013,Percentage of gross domestic product (GDP),General government,Net lending (+) /net borrowing (-),-2.6
Hungary,2014,Percentage of gross domestic product (GDP),General government,Net lending (+) /net borrowing (-),-2.1
Hungary,2015,Percentage of gross domestic product (GDP),General government,Net lending (+) /net borrowing (-),-1.6
Malta,1995,Percentage of gross domestic product (GDP),General government,Net lending (+) /net borrowing (-),-3.5
Malta,1996,Percentage of gross domestic product (GDP),General government,Net lending (+) /net borrowing (-),-7.7
Malta,1997,Percentage of gross domestic product (GDP),General government,Net lending (+) /net borrowing (-),-7.1
Malta,1998,Percentage of gross domestic product (GDP),General government,Net lending (+) /net borrowing (-),-9.3
Malta,1999,Percentage of gross domestic product (GDP),General government,Net lending (+) /net borrowing (-),-6.7
Malta,2000,Percentage of gross domestic product (GDP),General government,Net lending (+) /net borrowing (-),-5.5
Malta,2001,Percentage of gross domestic product (GDP),General government,Net lending (+) /net borrowing (-),-6.1
Malta,2002,Percentage of gross domestic product (GDP),General government,Net lending (+) /net borrowing (-),-5.4
Malta,2003,Percentage of gross domestic product (GDP),General government,Net lending (+) /net borrowing (-),-9.1
Malta,2004,Percentage of gross domestic product (GDP),General government,Net lending (+) /net borrowing (-),-4.4
Malta,2005,Percentage of gross domestic product (GDP),General government,Net lending (+) /net borrowing (-),-2.7
Malta,2006,Percentage of gross domestic product (GDP),General government,Net lending (+) /net borrowing (-),-2.6
Malta,2007,Percentage of gross domestic product (GDP),General government,Net lending (+) /net borrowing (-),-2.3
Malta,2008,Percentage of gross domestic product (GDP),General government,Net lending (+) /net borrowing (-),-4.2
Malta,2009,Percentage of gross domestic product (GDP),General government,Net lending (+) /net borrowing (-),-3.3
Malta,2010,Percentage of gross domestic product (GDP),General government,Net lending (+) /net borrowing (-),-3.2
Malta,2011,Percentage of gross domestic product (GDP),General government,Net lending (+) /net borrowing (-),-2.5
Malta,2012,Percentage of gross domestic product (GDP),General government,Net lending (+) /net borrowing (-),-3.6
Malta,2013,Percentage of gross domestic product (GDP),General government,Net lending (+) /net borrowing (-),-2.6
Malta,2014,Percentage of gross domestic product (GDP),General government,Net lending (+) /net borrowing (-),-2.1
Malta,2015,Percentage of gross domestic product (GDP),General government,Net lending (+) /net borrowing (-),-1.4
Netherlands,1995,Percentage of gross domestic product (GDP),General government,Net lending (+) /net borrowing (-),-8.6
Netherlands,1996,Percentage of gross domestic product (GDP),General government,Net lending (+) /net borrowing (-),-1.7
Netherlands,1997,Percentage of gross domestic product (GDP),General government,Net lending (+) /net borrowing (-),-1.3
Netherlands,1998,Percentage of gross domestic product (GDP),General government,Net lending (+) /net borrowing (-),-0.9
Netherlands,1999,Percentage of gross domestic product (GDP),General government,Net lending (+) /net borrowing (-),0.3
Netherlands,2000,Percentage of gross domestic product (GDP),General government,Net lending (+) /net borrowing (-),1.9
Netherlands,2001,Percentage of gross domestic product (GDP),General government,Net lending (+) /net borrowing (-),-0.3
Netherlands,2002,Percentage of gross domestic product (GDP),General government,Net lending (+) /net borrowing (-),-2.1
Netherlands,2003,Percentage of gross domestic product (GDP),General government,Net lending (+) /net borrowing (-),-3
Netherlands,2004,Percentage of gross domestic product (GDP),General government,Net lending (+) /net borrowing (-),-1.7
Netherlands,2005,Percentage of gross domestic product (GDP),General government,Net lending (+) /net borrowing (-),-0.3
Netherlands,2006,Percentage of gross domestic product (GDP),General government,Net lending (+) /net borrowing (-),0.2
Netherlands,2007,Percentage of gross domestic product (GDP),General government,Net lending (+) /net borrowing (-),0.2
Netherlands,2008,Percentage of gross domestic product (GDP),General government,Net lending (+) /net borrowing (-),0.2
Netherlands,2009,Percentage of gross domestic product (GDP),General government,Net lending (+) /net borrowing (-),-5.4
Netherlands,2010,Percentage of gross domestic product (GDP),General government,Net lending (+) /net borrowing (-),-5
Netherlands,2011,Percentage of gross domestic product (GDP),General government,Net lending (+) /net borrowing (-),-4.3
Netherlands,2012,Percentage of gross domestic product (GDP),General government,Net lending (+) /net borrowing (-),-3.9
Netherlands,2013,Percentage of gross domestic product (GDP),General government,Net lending (+) /net borrowing (-),-2.4
Netherlands,2014,Percentage of gross domestic product (GDP),General government,Net lending (+) /net borrowing (-),-2.3
Netherlands,2015,Percentage of gross domestic product (GDP),General government,Net lending (+) /net borrowing (-),-1.9
Austria,1995,Percentage of gross domestic product (GDP),General government,Net lending (+) /net borrowing (-),-6.2
Austria,1996,Percentage of gross domestic product (GDP),General government,Net lending (+) /net borrowing (-),-4.4
Austria,1997,Percentage of gross domestic product (GDP),General government,Net lending (+) /net borrowing (-),-2.4
Austria,1998,Percentage of gross domestic product (GDP),General government,Net lending (+) /net borrowing (-),-2.7
Austria,1999,Percentage of gross domestic product (GDP),General government,Net lending (+) /net borrowing (-),-2.6
Austria,2000,Percentage of gross domestic product (GDP),General government,Net lending (+) /net borrowing (-),-2.1
Austria,2001,Percentage of gross domestic product (GDP),General government,Net lending (+) /net borrowing (-),-0.7
Austria,2002,Percentage of gross domestic product (GDP),General government,Net lending (+) /net borrowing (-),-1.4
Austria,2003,Percentage of gross domestic product (GDP),General government,Net lending (+) /net borrowing (-),-1.8
Austria,2004,Percentage of gross domestic product (GDP),General government,Net lending (+) /net borrowing (-),-4.9
Austria,2005,Percentage of gross domestic product (GDP),General government,Net lending (+) /net borrowing (-),-2.6
Austria,2006,Percentage of gross domestic product (GDP),General government,Net lending (+) /net borrowing (-),-2.6
Austria,2007,Percentage of gross domestic product (GDP),General government,Net lending (+) /net borrowing (-),-1.4
Austria,2008,Percentage of gross domestic product (GDP),General government,Net lending (+) /net borrowing (-),-1.5
Austria,2009,Percentage of gross domestic product (GDP),General government,Net lending (+) /net borrowing (-),-5.4
Austria,2010,Percentage of gross domestic product (GDP),General government,Net lending (+) /net borrowing (-),-4.5
Austria,2011,Percentage of gross domestic product (GDP),General government,Net lending (+) /net borrowing (-),-2.6
Austria,2012,Percentage of gross domestic product (GDP),General government,Net lending (+) /net borrowing (-),-2.2
Austria,2013,Percentage of gross domestic product (GDP),General government,Net lending (+) /net borrowing (-),-1.4
Austria,2014,Percentage of gross domestic product (GDP),General government,Net lending (+) /net borrowing (-),-2.7
Austria,2015,Percentage of gross domestic product (GDP),General government,Net lending (+) /net borrowing (-),-1
Poland,1995,Percentage of gross domestic product (GDP),General government,Net lending (+) /net borrowing (-),-4.2
Poland,1996,Percentage of gross domestic product (GDP),General government,Net lending (+) /net borrowing (-),-4.5
Poland,1997,Percentage of gross domestic product (GDP),General government,Net lending (+) /net borrowing (-),-4.6
Poland,1998,Percentage of gross domestic product (GDP),General government,Net lending (+) /net borrowing (-),-4.2
Poland,1999,Percentage of gross domestic product (GDP),General government,Net lending (+) /net borrowing (-),-2.2
Poland,2000,Percentage of gross domestic product (GDP),General government,Net lending (+) /net borrowing (-),-3
Poland,2001,Percentage of gross domestic product (GDP),General government,Net lending (+) /net borrowing (-),-4.8
Poland,2002,Percentage of gross domestic product (GDP),General government,Net lending (+) /net borrowing (-),-4.8
Poland,2003,Percentage of gross domestic product (GDP),General government,Net lending (+) /net borrowing (-),-6.1
Poland,2004,Percentage of gross domestic product (GDP),General government,Net lending (+) /net borrowing (-),-5
Poland,2005,Percentage of gross domestic product (GDP),General government,Net lending (+) /net borrowing (-),-4
Poland,2006,Percentage of gross domestic product (GDP),General government,Net lending (+) /net borrowing (-),-3.6
Poland,2007,Percentage of gross domestic product (GDP),General government,Net lending (+) /net borrowing (-),-1.9
Poland,2008,Percentage of gross domestic product (GDP),General government,Net lending (+) /net borrowing (-),-3.6
Poland,2009,Percentage of gross domestic product (GDP),General government,Net lending (+) /net borrowing (-),-7.3
Poland,2010,Percentage of gross domestic product (GDP),General government,Net lending (+) /net borrowing (-),-7.3
Poland,2011,Percentage of gross domestic product (GDP),General government,Net lending (+) /net borrowing (-),-4.8
Poland,2012,Percentage of gross domestic product (GDP),General government,Net lending (+) /net borrowing (-),-3.7
Poland,2013,Percentage of gross domestic product (GDP),General government,Net lending (+) /net borrowing (-),-4.1
Poland,2014,Percentage of gross domestic product (GDP),General government,Net lending (+) /net borrowing (-),-3.4
Poland,2015,Percentage of gross domestic product (GDP),General government,Net lending (+) /net borrowing (-),-2.6
Portugal,1995,Percentage of gross domestic product (GDP),General government,Net lending (+) /net borrowing (-),-5.2
Portugal,1996,Percentage of gross domestic product (GDP),General government,Net lending (+) /net borrowing (-),-4.7
Portugal,1997,Percentage of gross domestic product (GDP),General government,Net lending (+) /net borrowing (-),-3.7
Portugal,1998,Percentage of gross domestic product (GDP),General government,Net lending (+) /net borrowing (-),-4.4
Portugal,1999,Percentage of gross domestic product (GDP),General government,Net lending (+) /net borrowing (-),-3
Portugal,2000,Percentage of gross domestic product (GDP),General government,Net lending (+) /net borrowing (-),-3.2
Portugal,2001,Percentage of gross domestic product (GDP),General government,Net lending (+) /net borrowing (-),-4.8
Portugal,2002,Percentage of gross domestic product (GDP),General government,Net lending (+) /net borrowing (-),-3.3
Portugal,2003,Percentage of gross domestic product (GDP),General government,Net lending (+) /net borrowing (-),-4.4
Portugal,2004,Percentage of gross domestic product (GDP),General government,Net lending (+) /net borrowing (-),-6.2
Portugal,2005,Percentage of gross domestic product (GDP),General government,Net lending (+) /net borrowing (-),-6.2
Portugal,2006,Percentage of gross domestic product (GDP),General government,Net lending (+) /net borrowing (-),-4.3
Portugal,2007,Percentage of gross domestic product (GDP),General government,Net lending (+) /net borrowing (-),-3
Portugal,2008,Percentage of gross domestic product (GDP),General government,Net lending (+) /net borrowing (-),-3.8
Portugal,2009,Percentage of gross domestic product (GDP),General government,Net lending (+) /net borrowing (-),-9.8
Portugal,2010,Percentage of gross domestic product (GDP),General government,Net lending (+) /net borrowing (-),-11.2
Portugal,2011,Percentage of gross domestic product (GDP),General government,Net lending (+) /net borrowing (-),-7.4
Portugal,2012,Percentage of gross domestic product (GDP),General government,Net lending (+) /net borrowing (-),-5.7
Portugal,2013,Percentage of gross domestic product (GDP),General government,Net lending (+) /net borrowing (-),-4.8
Portugal,2014,Percentage of gross domestic product (GDP),General government,Net lending (+) /net borrowing (-),-7.2
Portugal,2015,Percentage of gross domestic product (GDP),General government,Net lending (+) /net borrowing (-),-4.4
Romania,1995,Percentage of gross domestic product (GDP),General government,Net lending (+) /net borrowing (-),-2
Romania,1996,Percentage of gross domestic product (GDP),General government,Net lending (+) /net borrowing (-),-3.5
Romania,1997,Percentage of gross domestic product (GDP),General government,Net lending (+) /net borrowing (-),-4.4
Romania,1998,Percentage of gross domestic product (GDP),General government,Net lending (+) /net borrowing (-),-3.2
Romania,1999,Percentage of gross domestic product (GDP),General government,Net lending (+) /net borrowing (-),-4.4
Romania,2000,Percentage of gross domestic product (GDP),General government,Net lending (+) /net borrowing (-),-4.6
Romania,2001,Percentage of gross domestic product (GDP),General government,Net lending (+) /net borrowing (-),-3.4
Romania,2002,Percentage of gross domestic product (GDP),General government,Net lending (+) /net borrowing (-),-1.9
Romania,2003,Percentage of gross domestic product (GDP),General government,Net lending (+) /net borrowing (-),-1.4
Romania,2004,Percentage of gross domestic product (GDP),General government,Net lending (+) /net borrowing (-),-1.1
Romania,2005,Percentage of gross domestic product (GDP),General government,Net lending (+) /net borrowing (-),-0.8
Romania,2006,Percentage of gross domestic product (GDP),General government,Net lending (+) /net borrowing (-),-2.1
Romania,2007,Percentage of gross domestic product (GDP),General government,Net lending (+) /net borrowing (-),-2.8
Romania,2008,Percentage of gross domestic product (GDP),General government,Net lending (+) /net borrowing (-),-5.5
Romania,2009,Percentage of gross domestic product (GDP),General government,Net lending (+) /net borrowing (-),-9.5
Romania,2010,Percentage of gross domestic product (GDP),General government,Net lending (+) /net borrowing (-),-6.9
Romania,2011,Percentage of gross domestic product (GDP),General government,Net lending (+) /net borrowing (-),-5.4
Romania,2012,Percentage of gross domestic product (GDP),General government,Net lending (+) /net borrowing (-),-3.7
Romania,2013,Percentage of gross domestic product (GDP),General government,Net lending (+) /net borrowing (-),-2.1
Romania,2014,Percentage of gross domestic product (GDP),General government,Net lending (+) /net borrowing (-),-0.8
Romania,2015,Percentage of gross domestic product (GDP),General government,Net lending (+) /net borrowing (-),-0.8
Slovenia,1995,Percentage of gross domestic product (GDP),General government,Net lending (+) /net borrowing (-),-8.2
Slovenia,1996,Percentage of gross domestic product (GDP),General government,Net lending (+) /net borrowing (-),-1.1
Slovenia,1997,Percentage of gross domestic product (GDP),General government,Net lending (+) /net borrowing (-),-2.3
Slovenia,1998,Percentage of gross domestic product (GDP),General government,Net lending (+) /net borrowing (-),-2.3
Slovenia,1999,Percentage of gross domestic product (GDP),General government,Net lending (+) /net borrowing (-),-3
Slovenia,2000,Percentage of gross domestic product (GDP),General government,Net lending (+) /net borrowing (-),-3.6
Slovenia,2001,Percentage of gross domestic product (GDP),General government,Net lending (+) /net borrowing (-),-3.9
Slovenia,2002,Percentage of gross domestic product (GDP),General government,Net lending (+) /net borrowing (-),-2.4
Slovenia,2003,Percentage of gross domestic product (GDP),General government,Net lending (+) /net borrowing (-),-2.6
Slovenia,2004,Percentage of gross domestic product (GDP),General government,Net lending (+) /net borrowing (-),-2
Slovenia,2005,Percentage of gross domestic product (GDP),General government,Net lending (+) /net borrowing (-),-1.3
Slovenia,2006,Percentage of gross domestic product (GDP),General government,Net lending (+) /net borrowing (-),-1.2
Slovenia,2007,Percentage of gross domestic product (GDP),General government,Net lending (+) /net borrowing (-),-0.1
Slovenia,2008,Percentage of gross domestic product (GDP),General government,Net lending (+) /net borrowing (-),-1.4
Slovenia,2009,Percentage of gross domestic product (GDP),General government,Net lending (+) /net borrowing (-),-5.9
Slovenia,2010,Percentage of gross domestic product (GDP),General government,Net lending (+) /net borrowing (-),-5.6
Slovenia,2011,Percentage of gross domestic product (GDP),General government,Net lending (+) /net borrowing (-),-6.7
Slovenia,2012,Percentage of gross domestic product (GDP),General government,Net lending (+) /net borrowing (-),-4.1
Slovenia,2013,Percentage of gross domestic product (GDP),General government,Net lending (+) /net borrowing (-),-15
Slovenia,2014,Percentage of gross domestic product (GDP),General government,Net lending (+) /net borrowing (-),-5
Slovenia,2015,Percentage of gross domestic product (GDP),General government,Net lending (+) /net borrowing (-),-2.7
Slovakia,1995,Percentage of gross domestic product (GDP),General government,Net lending (+) /net borrowing (-),-3.3
Slovakia,1996,Percentage of gross domestic product (GDP),General government,Net lending (+) /net borrowing (-),-9.7
Slovakia,1997,Percentage of gross domestic product (GDP),General government,Net lending (+) /net borrowing (-),-6.2
Slovakia,1998,Percentage of gross domestic product (GDP),General government,Net lending (+) /net borrowing (-),-5.2
Slovakia,1999,Percentage of gross domestic product (GDP),General government,Net lending (+) /net borrowing (-),-7.3
Slovakia,2000,Percentage of gross domestic product (GDP),General government,Net lending (+) /net borrowing (-),-12
Slovakia,2001,Percentage of gross domestic product (GDP),General government,Net lending (+) /net borrowing (-),-6.4
Slovakia,2002,Percentage of gross domestic product (GDP),General government,Net lending (+) /net borrowing (-),-8.1
Slovakia,2003,Percentage of gross domestic product (GDP),General government,Net lending (+) /net borrowing (-),-2.7
Slovakia,2004,Percentage of gross domestic product (GDP),General government,Net lending (+) /net borrowing (-),-2.3
Slovakia,2005,Percentage of gross domestic product (GDP),General government,Net lending (+) /net borrowing (-),-2.9
Slovakia,2006,Percentage of gross domestic product (GDP),General government,Net lending (+) /net borrowing (-),-3.6
Slovakia,2007,Percentage of gross domestic product (GDP),General government,Net lending (+) /net borrowing (-),-1.9
Slovakia,2008,Percentage of gross domestic product (GDP),General government,Net lending (+) /net borrowing (-),-2.4
Slovakia,2009,Percentage of gross domestic product (GDP),General government,Net lending (+) /net borrowing (-),-7.8
Slovakia,2010,Percentage of gross domestic product (GDP),General government,Net lending (+) /net borrowing (-),-7.5
Slovakia,2011,Percentage of gross domestic product (GDP),General government,Net lending (+) /net borrowing (-),-4.3
Slovakia,2012,Percentage of gross domestic product (GDP),General government,Net lending (+) /net borrowing (-),-4.3
Slovakia,2013,Percentage of gross domestic product (GDP),General government,Net lending (+) /net borrowing (-),-2.7
Slovakia,2014,Percentage of gross domestic product (GDP),General government,Net lending (+) /net borrowing (-),-2.7
Slovakia,2015,Percentage of gross domestic product (GDP),General government,Net lending (+) /net borrowing (-),-2.7
Finland,1995,Percentage of gross domestic product (GDP),General government,Net lending (+) /net borrowing (-),-5.9
Finland,1996,Percentage of gross domestic product (GDP),General government,Net lending (+) /net borrowing (-),-3.2
Finland,1997,Percentage of gross domestic product (GDP),General government,Net lending (+) /net borrowing (-),-1.2
Finland,1998,Percentage of gross domestic product (GDP),General government,Net lending (+) /net borrowing (-),1.6
Finland,1999,Percentage of gross domestic product (GDP),General government,Net lending (+) /net borrowing (-),1.7
Finland,2000,Percentage of gross domestic product (GDP),General government,Net lending (+) /net borrowing (-),6.9
Finland,2001,Percentage of gross domestic product (GDP),General government,Net lending (+) /net borrowing (-),5
Finland,2002,Percentage of gross domestic product (GDP),General government,Net lending (+) /net borrowing (-),4.1
Finland,2003,Percentage of gross domestic product (GDP),General government,Net lending (+) /net borrowing (-),2.4
Finland,2004,Percentage of gross domestic product (GDP),General government,Net lending (+) /net borrowing (-),2.2
Finland,2005,Percentage of gross domestic product (GDP),General government,Net lending (+) /net borrowing (-),2.6
Finland,2006,Percentage of gross domestic product (GDP),General government,Net lending (+) /net borrowing (-),3.9
Finland,2007,Percentage of gross domestic product (GDP),General government,Net lending (+) /net borrowing (-),5.1
Finland,2008,Percentage of gross domestic product (GDP),General government,Net lending (+) /net borrowing (-),4.2
Finland,2009,Percentage of gross domestic product (GDP),General government,Net lending (+) /net borrowing (-),-2.5
Finland,2010,Percentage of gross domestic product (GDP),General government,Net lending (+) /net borrowing (-),-2.6
Finland,2011,Percentage of gross domestic product (GDP),General government,Net lending (+) /net borrowing (-),-1
Finland,2012,Percentage of gross domestic product (GDP),General government,Net lending (+) /net borrowing (-),-2.2
Finland,2013,Percentage of gross domestic product (GDP),General government,Net lending (+) /net borrowing (-),-2.6
Finland,2014,Percentage of gross domestic product (GDP),General government,Net lending (+) /net borrowing (-),-3.2
Finland,2015,Percentage of gross domestic product (GDP),General government,Net lending (+) /net borrowing (-),-2.8
Sweden,1995,Percentage of gross domestic product (GDP),General government,Net lending (+) /net borrowing (-),-7
Sweden,1996,Percentage of gross domestic product (GDP),General government,Net lending (+) /net borrowing (-),-3.1
Sweden,1997,Percentage of gross domestic product (GDP),General government,Net lending (+) /net borrowing (-),-1.6
Sweden,1998,Percentage of gross domestic product (GDP),General government,Net lending (+) /net borrowing (-),0.8
Sweden,1999,Percentage of gross domestic product (GDP),General government,Net lending (+) /net borrowing (-),0.8
Sweden,2000,Percentage of gross domestic product (GDP),General government,Net lending (+) /net borrowing (-),3.2
Sweden,2001,Percentage of gross domestic product (GDP),General government,Net lending (+) /net borrowing (-),1.4
Sweden,2002,Percentage of gross domestic product (GDP),General government,Net lending (+) /net borrowing (-),-1.5
Sweden,2003,Percentage of gross domestic product (GDP),General government,Net lending (+) /net borrowing (-),-1.3
Sweden,2004,Percentage of gross domestic product (GDP),General government,Net lending (+) /net borrowing (-),0.3
Sweden,2005,Percentage of gross domestic product (GDP),General government,Net lending (+) /net borrowing (-),1.8
Sweden,2006,Percentage of gross domestic product (GDP),General government,Net lending (+) /net borrowing (-),2.2
Sweden,2007,Percentage of gross domestic product (GDP),General government,Net lending (+) /net borrowing (-),3.3
Sweden,2008,Percentage of gross domestic product (GDP),General government,Net lending (+) /net borrowing (-),1.9
Sweden,2009,Percentage of gross domestic product (GDP),General government,Net lending (+) /net borrowing (-),-0.7
Sweden,2010,Percentage of gross domestic product (GDP),General government,Net lending (+) /net borrowing (-),-0.1
Sweden,2011,Percentage of gross domestic product (GDP),General government,Net lending (+) /net borrowing (-),-0.2
Sweden,2012,Percentage of gross domestic product (GDP),General government,Net lending (+) /net borrowing (-),-1
Sweden,2013,Percentage of gross domestic product (GDP),General government,Net lending (+) /net borrowing (-),-1.4
Sweden,2014,Percentage of gross domestic product (GDP),General government,Net lending (+) /net borrowing (-),-1.6
Sweden,2015,Percentage of gross domestic product (GDP),General government,Net lending (+) /net borrowing (-),0.2
United Kingdom,1995,Percentage of gross domestic product (GDP),General government,Net lending (+) /net borrowing (-),-5.3
United Kingdom,1996,Percentage of gross domestic product (GDP),General government,Net lending (+) /net borrowing (-),-3.8
United Kingdom,1997,Percentage of gross domestic product (GDP),General government,Net lending (+) /net borrowing (-),-2
United Kingdom,1998,Percentage of gross domestic product (GDP),General government,Net lending (+) /net borrowing (-),-0.2
United Kingdom,1999,Percentage of gross domestic product (GDP),General government,Net lending (+) /net borrowing (-),0.7
United Kingdom,2000,Percentage of gross domestic product (GDP),General government,Net lending (+) /net borrowing (-),1.1
United Kingdom,2001,Percentage of gross domestic product (GDP),General government,Net lending (+) /net borrowing (-),0.4
United Kingdom,2002,Percentage of gross domestic product (GDP),General government,Net lending (+) /net borrowing (-),-2
United Kingdom,2003,Percentage of gross domestic product (GDP),General government,Net lending (+) /net borrowing (-),-3.2
United Kingdom,2004,Percentage of gross domestic product (GDP),General government,Net lending (+) /net borrowing (-),-3.4
United Kingdom,2005,Percentage of gross domestic product (GDP),General government,Net lending (+) /net borrowing (-),-3.3
United Kingdom,2006,Percentage of gross domestic product (GDP),General government,Net lending (+) /net borrowing (-),-2.7
United Kingdom,2007,Percentage of gross domestic product (GDP),General government,Net lending (+) /net borrowing (-),-2.9
United Kingdom,2008,Percentage of gross domestic product (GDP),General government,Net lending (+) /net borrowing (-),-4.9
United Kingdom,2009,Percentage of gross domestic product (GDP),General government,Net lending (+) /net borrowing (-),-10.2
United Kingdom,2010,Percentage of gross domestic product (GDP),General government,Net lending (+) /net borrowing (-),-9.6
United Kingdom,2011,Percentage of gross domestic product (GDP),General government,Net lending (+) /net borrowing (-),-7.6
United Kingdom,2012,Percentage of gross domestic product (GDP),General government,Net lending (+) /net borrowing (-),-8.3
United Kingdom,2013,Percentage of gross domestic product (GDP),General government,Net lending (+) /net borrowing (-),-5.7
United Kingdom,2014,Percentage of gross domestic product (GDP),General government,Net lending (+) /net borrowing (-),-5.7
United Kingdom,2015,Percentage of gross domestic product (GDP),General government,Net lending (+) /net borrowing (-),-4.3
