"TIME","CURRENCY","UNIT","STATINFO","Value"
"1999M01","Pound sterling","National currency","Value at the end of the period","0.69100"
"1999M01","Swiss franc","National currency","Value at the end of the period","1.6123"
"1999M01","US dollar","National currency","Value at the end of the period","1.1384"
"1999M02","Pound sterling","National currency","Value at the end of the period","0.68730"
"1999M02","Swiss franc","National currency","Value at the end of the period","1.5890"
"1999M02","US dollar","National currency","Value at the end of the period","1.1018"
"1999M03","Pound sterling","National currency","Value at the end of the period","0.66630"
"1999M03","Swiss franc","National currency","Value at the end of the period","1.5981"
"1999M03","US dollar","National currency","Value at the end of the period","1.0742"
"1999M04","Pound sterling","National currency","Value at the end of the period","0.65710"
"1999M04","Swiss franc","National currency","Value at the end of the period","1.6113"
"1999M04","US dollar","National currency","Value at the end of the period","1.0597"
"1999M05","Pound sterling","National currency","Value at the end of the period","0.65240"
"1999M05","Swiss franc","National currency","Value at the end of the period","1.5943"
"1999M05","US dollar","National currency","Value at the end of the period","1.0456"
"1999M06","Pound sterling","National currency","Value at the end of the period","0.65630"
"1999M06","Swiss franc","National currency","Value at the end of the period","1.6034"
"1999M06","US dollar","National currency","Value at the end of the period","1.0328"
"1999M07","Pound sterling","National currency","Value at the end of the period","0.65980"
"1999M07","Swiss franc","National currency","Value at the end of the period","1.5976"
"1999M07","US dollar","National currency","Value at the end of the period","1.0694"
"1999M08","Pound sterling","National currency","Value at the end of the period","0.65850"
"1999M08","Swiss franc","National currency","Value at the end of the period","1.5997"
"1999M08","US dollar","National currency","Value at the end of the period","1.0573"
"1999M09","Pound sterling","National currency","Value at the end of the period","0.64750"
"1999M09","Swiss franc","National currency","Value at the end of the period","1.5967"
"1999M09","US dollar","National currency","Value at the end of the period","1.0665"
"1999M10","Pound sterling","National currency","Value at the end of the period","0.63930"
"1999M10","Swiss franc","National currency","Value at the end of the period","1.6030"
"1999M10","US dollar","National currency","Value at the end of the period","1.0453"
"1999M11","Pound sterling","National currency","Value at the end of the period","0.63250"
"1999M11","Swiss franc","National currency","Value at the end of the period","1.6021"
"1999M11","US dollar","National currency","Value at the end of the period","1.0097"
"1999M12","Pound sterling","National currency","Value at the end of the period","0.62170"
"1999M12","Swiss franc","National currency","Value at the end of the period","1.6051"
"1999M12","US dollar","National currency","Value at the end of the period","1.0046"
"2000M01","Pound sterling","National currency","Value at the end of the period","0.60470"
"2000M01","Swiss franc","National currency","Value at the end of the period","1.6091"
"2000M01","US dollar","National currency","Value at the end of the period","0.9791"
"2000M02","Pound sterling","National currency","Value at the end of the period","0.61340"
"2000M02","Swiss franc","National currency","Value at the end of the period","1.6067"
"2000M02","US dollar","National currency","Value at the end of the period","0.9714"
"2000M03","Pound sterling","National currency","Value at the end of the period","0.59850"
"2000M03","Swiss franc","National currency","Value at the end of the period","1.5907"
"2000M03","US dollar","National currency","Value at the end of the period","0.9553"
"2000M04","Pound sterling","National currency","Value at the end of the period","0.57940"
"2000M04","Swiss franc","National currency","Value at the end of the period","1.5710"
"2000M04","US dollar","National currency","Value at the end of the period","0.9085"
"2000M05","Pound sterling","National currency","Value at the end of the period","0.62250"
"2000M05","Swiss franc","National currency","Value at the end of the period","1.5716"
"2000M05","US dollar","National currency","Value at the end of the period","0.9303"
"2000M06","Pound sterling","National currency","Value at the end of the period","0.63230"
"2000M06","Swiss franc","National currency","Value at the end of the period","1.5576"
"2000M06","US dollar","National currency","Value at the end of the period","0.9556"
"2000M07","Pound sterling","National currency","Value at the end of the period","0.61790"
"2000M07","Swiss franc","National currency","Value at the end of the period","1.5477"
"2000M07","US dollar","National currency","Value at the end of the period","0.9243"
"2000M08","Pound sterling","National currency","Value at the end of the period","0.61320"
"2000M08","Swiss franc","National currency","Value at the end of the period","1.5498"
"2000M08","US dollar","National currency","Value at the end of the period","0.8906"
"2000M09","Pound sterling","National currency","Value at the end of the period","0.59670"
"2000M09","Swiss franc","National currency","Value at the end of the period","1.5240"
"2000M09","US dollar","National currency","Value at the end of the period","0.8765"
"2000M10","Pound sterling","National currency","Value at the end of the period","0.58090"
"2000M10","Swiss franc","National currency","Value at the end of the period","1.5210"
"2000M10","US dollar","National currency","Value at the end of the period","0.8417"
"2000M11","Pound sterling","National currency","Value at the end of the period","0.61280"
"2000M11","Swiss franc","National currency","Value at the end of the period","1.5095"
"2000M11","US dollar","National currency","Value at the end of the period","0.8684"
"2000M12","Pound sterling","National currency","Value at the end of the period","0.62410"
"2000M12","Swiss franc","National currency","Value at the end of the period","1.5232"
"2000M12","US dollar","National currency","Value at the end of the period","0.9305"
"2001M01","Pound sterling","National currency","Value at the end of the period","0.63670"
"2001M01","Swiss franc","National currency","Value at the end of the period","1.5302"
"2001M01","US dollar","National currency","Value at the end of the period","0.9293"
"2001M02","Pound sterling","National currency","Value at the end of the period","0.63870"
"2001M02","Swiss franc","National currency","Value at the end of the period","1.5416"
"2001M02","US dollar","National currency","Value at the end of the period","0.9248"
"2001M03","Pound sterling","National currency","Value at the end of the period","0.61920"
"2001M03","Swiss franc","National currency","Value at the end of the period","1.5271"
"2001M03","US dollar","National currency","Value at the end of the period","0.8832"
"2001M04","Pound sterling","National currency","Value at the end of the period","0.61950"
"2001M04","Swiss franc","National currency","Value at the end of the period","1.5366"
"2001M04","US dollar","National currency","Value at the end of the period","0.8876"
"2001M05","Pound sterling","National currency","Value at the end of the period","0.59730"
"2001M05","Swiss franc","National currency","Value at the end of the period","1.5206"
"2001M05","US dollar","National currency","Value at the end of the period","0.8480"
"2001M06","Pound sterling","National currency","Value at the end of the period","0.60310"
"2001M06","Swiss franc","National currency","Value at the end of the period","1.5228"
"2001M06","US dollar","National currency","Value at the end of the period","0.8480"
"2001M07","Pound sterling","National currency","Value at the end of the period","0.61430"
"2001M07","Swiss franc","National currency","Value at the end of the period","1.5102"
"2001M07","US dollar","National currency","Value at the end of the period","0.8755"
"2001M08","Pound sterling","National currency","Value at the end of the period","0.62850"
"2001M08","Swiss franc","National currency","Value at the end of the period","1.5165"
"2001M08","US dollar","National currency","Value at the end of the period","0.9158"
"2001M09","Pound sterling","National currency","Value at the end of the period","0.62200"
"2001M09","Swiss franc","National currency","Value at the end of the period","1.4761"
"2001M09","US dollar","National currency","Value at the end of the period","0.9131"
"2001M10","Pound sterling","National currency","Value at the end of the period","0.62130"
"2001M10","Swiss franc","National currency","Value at the end of the period","1.4682"
"2001M10","US dollar","National currency","Value at the end of the period","0.9042"
"2001M11","Pound sterling","National currency","Value at the end of the period","0.62380"
"2001M11","Swiss franc","National currency","Value at the end of the period","1.4724"
"2001M11","US dollar","National currency","Value at the end of the period","0.8898"
"2001M12","Pound sterling","National currency","Value at the end of the period","0.60850"
"2001M12","Swiss franc","National currency","Value at the end of the period","1.4829"
"2001M12","US dollar","National currency","Value at the end of the period","0.8813"
"2002M01","Pound sterling","National currency","Value at the end of the period","0.61110"
"2002M01","Swiss franc","National currency","Value at the end of the period","1.4748"
"2002M01","US dollar","National currency","Value at the end of the period","0.8637"
"2002M02","Pound sterling","National currency","Value at the end of the period","0.61115"
"2002M02","Swiss franc","National currency","Value at the end of the period","1.4759"
"2002M02","US dollar","National currency","Value at the end of the period","0.8651"
"2002M03","Pound sterling","National currency","Value at the end of the period","0.61300"
"2002M03","Swiss franc","National currency","Value at the end of the period","1.4670"
"2002M03","US dollar","National currency","Value at the end of the period","0.8724"
"2002M04","Pound sterling","National currency","Value at the end of the period","0.61880"
"2002M04","Swiss franc","National currency","Value at the end of the period","1.4621"
"2002M04","US dollar","National currency","Value at the end of the period","0.9008"
"2002M05","Pound sterling","National currency","Value at the end of the period","0.64050"
"2002M05","Swiss franc","National currency","Value at the end of the period","1.4644"
"2002M05","US dollar","National currency","Value at the end of the period","0.9387"
"2002M06","Pound sterling","National currency","Value at the end of the period","0.64980"
"2002M06","Swiss franc","National currency","Value at the end of the period","1.4721"
"2002M06","US dollar","National currency","Value at the end of the period","0.9975"
"2002M07","Pound sterling","National currency","Value at the end of the period","0.62610"
"2002M07","Swiss franc","National currency","Value at the end of the period","1.4546"
"2002M07","US dollar","National currency","Value at the end of the period","0.9783"
"2002M08","Pound sterling","National currency","Value at the end of the period","0.63520"
"2002M08","Swiss franc","National currency","Value at the end of the period","1.4694"
"2002M08","US dollar","National currency","Value at the end of the period","0.9833"
"2002M09","Pound sterling","National currency","Value at the end of the period","0.62950"
"2002M09","Swiss franc","National currency","Value at the end of the period","1.4611"
"2002M09","US dollar","National currency","Value at the end of the period","0.9860"
"2002M10","Pound sterling","National currency","Value at the end of the period","0.63260"
"2002M10","Swiss franc","National currency","Value at the end of the period","1.4633"
"2002M10","US dollar","National currency","Value at the end of the period","0.9864"
"2002M11","Pound sterling","National currency","Value at the end of the period","0.63950"
"2002M11","Swiss franc","National currency","Value at the end of the period","1.4754"
"2002M11","US dollar","National currency","Value at the end of the period","0.9927"
"2002M12","Pound sterling","National currency","Value at the end of the period","0.65050"
"2002M12","Swiss franc","National currency","Value at the end of the period","1.4524"
"2002M12","US dollar","National currency","Value at the end of the period","1.0487"
"2003M01","Pound sterling","National currency","Value at the end of the period","0.65570"
"2003M01","Swiss franc","National currency","Value at the end of the period","1.4678"
"2003M01","US dollar","National currency","Value at the end of the period","1.0816"
"2003M02","Pound sterling","National currency","Value at the end of the period","0.68420"
"2003M02","Swiss franc","National currency","Value at the end of the period","1.4629"
"2003M02","US dollar","National currency","Value at the end of the period","1.0782"
"2003M03","Pound sterling","National currency","Value at the end of the period","0.68960"
"2003M03","Swiss franc","National currency","Value at the end of the period","1.4764"
"2003M03","US dollar","National currency","Value at the end of the period","1.0895"
"2003M04","Pound sterling","National currency","Value at the end of the period","0.69700"
"2003M04","Swiss franc","National currency","Value at the end of the period","1.5131"
"2003M04","US dollar","National currency","Value at the end of the period","1.1131"
"2003M05","Pound sterling","National currency","Value at the end of the period","0.71960"
"2003M05","Swiss franc","National currency","Value at the end of the period","1.5277"
"2003M05","US dollar","National currency","Value at the end of the period","1.1822"
"2003M06","Pound sterling","National currency","Value at the end of the period","0.69320"
"2003M06","Swiss franc","National currency","Value at the end of the period","1.5544"
"2003M06","US dollar","National currency","Value at the end of the period","1.1427"
"2003M07","Pound sterling","National currency","Value at the end of the period","0.70190"
"2003M07","Swiss franc","National currency","Value at the end of the period","1.5464"
"2003M07","US dollar","National currency","Value at the end of the period","1.1318"
"2003M08","Pound sterling","National currency","Value at the end of the period","0.69260"
"2003M08","Swiss franc","National currency","Value at the end of the period","1.5369"
"2003M08","US dollar","National currency","Value at the end of the period","1.0927"
"2003M09","Pound sterling","National currency","Value at the end of the period","0.69860"
"2003M09","Swiss franc","National currency","Value at the end of the period","1.5404"
"2003M09","US dollar","National currency","Value at the end of the period","1.1652"
"2003M10","Pound sterling","National currency","Value at the end of the period","0.68630"
"2003M10","Swiss franc","National currency","Value at the end of the period","1.5506"
"2003M10","US dollar","National currency","Value at the end of the period","1.1622"
"2003M11","Pound sterling","National currency","Value at the end of the period","0.69710"
"2003M11","Swiss franc","National currency","Value at the end of the period","1.5484"
"2003M11","US dollar","National currency","Value at the end of the period","1.1994"
"2003M12","Pound sterling","National currency","Value at the end of the period","0.70480"
"2003M12","Swiss franc","National currency","Value at the end of the period","1.5579"
"2003M12","US dollar","National currency","Value at the end of the period","1.2630"
"2004M01","Pound sterling","National currency","Value at the end of the period","0.68460"
"2004M01","Swiss franc","National currency","Value at the end of the period","1.5626"
"2004M01","US dollar","National currency","Value at the end of the period","1.2384"
"2004M02","Pound sterling","National currency","Value at the end of the period","0.67000"
"2004M02","Swiss franc","National currency","Value at the end of the period","1.5780"
"2004M02","US dollar","National currency","Value at the end of the period","1.2418"
"2004M03","Pound sterling","National currency","Value at the end of the period","0.66590"
"2004M03","Swiss franc","National currency","Value at the end of the period","1.5594"
"2004M03","US dollar","National currency","Value at the end of the period","1.2224"
"2004M04","Pound sterling","National currency","Value at the end of the period","0.67370"
"2004M04","Swiss franc","National currency","Value at the end of the period","1.5511"
"2004M04","US dollar","National currency","Value at the end of the period","1.1947"
"2004M05","Pound sterling","National currency","Value at the end of the period","0.66475"
"2004M05","Swiss franc","National currency","Value at the end of the period","1.5276"
"2004M05","US dollar","National currency","Value at the end of the period","1.2198"
"2004M06","Pound sterling","National currency","Value at the end of the period","0.67075"
"2004M06","Swiss franc","National currency","Value at the end of the period","1.5242"
"2004M06","US dollar","National currency","Value at the end of the period","1.2155"
"2004M07","Pound sterling","National currency","Value at the end of the period","0.66255"
"2004M07","Swiss franc","National currency","Value at the end of the period","1.5414"
"2004M07","US dollar","National currency","Value at the end of the period","1.2039"
"2004M08","Pound sterling","National currency","Value at the end of the period","0.67550"
"2004M08","Swiss franc","National currency","Value at the end of the period","1.5428"
"2004M08","US dollar","National currency","Value at the end of the period","1.2111"
"2004M09","Pound sterling","National currency","Value at the end of the period","0.68680"
"2004M09","Swiss franc","National currency","Value at the end of the period","1.5524"
"2004M09","US dollar","National currency","Value at the end of the period","1.2409"
"2004M10","Pound sterling","National currency","Value at the end of the period","0.69565"
"2004M10","Swiss franc","National currency","Value at the end of the period","1.5299"
"2004M10","US dollar","National currency","Value at the end of the period","1.2737"
"2004M11","Pound sterling","National currency","Value at the end of the period","0.69660"
"2004M11","Swiss franc","National currency","Value at the end of the period","1.5114"
"2004M11","US dollar","National currency","Value at the end of the period","1.3295"
"2004M12","Pound sterling","National currency","Value at the end of the period","0.70505"
"2004M12","Swiss franc","National currency","Value at the end of the period","1.5429"
"2004M12","US dollar","National currency","Value at the end of the period","1.3621"
"2005M01","Pound sterling","National currency","Value at the end of the period","0.69120"
"2005M01","Swiss franc","National currency","Value at the end of the period","1.5473"
"2005M01","US dollar","National currency","Value at the end of the period","1.3035"
"2005M02","Pound sterling","National currency","Value at the end of the period","0.68975"
"2005M02","Swiss franc","National currency","Value at the end of the period","1.5392"
"2005M02","US dollar","National currency","Value at the end of the period","1.3257"
"2005M03","Pound sterling","National currency","Value at the end of the period","0.68850"
"2005M03","Swiss franc","National currency","Value at the end of the period","1.5486"
"2005M03","US dollar","National currency","Value at the end of the period","1.2964"
"2005M04","Pound sterling","National currency","Value at the end of the period","0.67750"
"2005M04","Swiss franc","National currency","Value at the end of the period","1.5374"
"2005M04","US dollar","National currency","Value at the end of the period","1.2957"
"2005M05","Pound sterling","National currency","Value at the end of the period","0.67710"
"2005M05","Swiss franc","National currency","Value at the end of the period","1.5372"
"2005M05","US dollar","National currency","Value at the end of the period","1.2331"
"2005M06","Pound sterling","National currency","Value at the end of the period","0.67420"
"2005M06","Swiss franc","National currency","Value at the end of the period","1.5499"
"2005M06","US dollar","National currency","Value at the end of the period","1.2092"
"2005M07","Pound sterling","National currency","Value at the end of the period","0.68930"
"2005M07","Swiss franc","National currency","Value at the end of the period","1.5607"
"2005M07","US dollar","National currency","Value at the end of the period","1.2093"
"2005M08","Pound sterling","National currency","Value at the end of the period","0.68290"
"2005M08","Swiss franc","National currency","Value at the end of the period","1.5485"
"2005M08","US dollar","National currency","Value at the end of the period","1.2198"
"2005M09","Pound sterling","National currency","Value at the end of the period","0.68195"
"2005M09","Swiss franc","National currency","Value at the end of the period","1.5561"
"2005M09","US dollar","National currency","Value at the end of the period","1.2042"
"2005M10","Pound sterling","National currency","Value at the end of the period","0.67665"
"2005M10","Swiss franc","National currency","Value at the end of the period","1.5455"
"2005M10","US dollar","National currency","Value at the end of the period","1.2023"
"2005M11","Pound sterling","National currency","Value at the end of the period","0.68215"
"2005M11","Swiss franc","National currency","Value at the end of the period","1.5485"
"2005M11","US dollar","National currency","Value at the end of the period","1.1769"
"2005M12","Pound sterling","National currency","Value at the end of the period","0.68530"
"2005M12","Swiss franc","National currency","Value at the end of the period","1.5551"
"2005M12","US dollar","National currency","Value at the end of the period","1.1797"
"2006M01","Pound sterling","National currency","Value at the end of the period","0.68430"
"2006M01","Swiss franc","National currency","Value at the end of the period","1.5547"
"2006M01","US dollar","National currency","Value at the end of the period","1.2118"
"2006M02","Pound sterling","National currency","Value at the end of the period","0.67960"
"2006M02","Swiss franc","National currency","Value at the end of the period","1.5661"
"2006M02","US dollar","National currency","Value at the end of the period","1.1875"
"2006M03","Pound sterling","National currency","Value at the end of the period","0.69640"
"2006M03","Swiss franc","National currency","Value at the end of the period","1.5801"
"2006M03","US dollar","National currency","Value at the end of the period","1.2104"
"2006M04","Pound sterling","National currency","Value at the end of the period","0.69420"
"2006M04","Swiss franc","National currency","Value at the end of the period","1.5713"
"2006M04","US dollar","National currency","Value at the end of the period","1.2537"
"2006M05","Pound sterling","National currency","Value at the end of the period","0.68590"
"2006M05","Swiss franc","National currency","Value at the end of the period","1.5600"
"2006M05","US dollar","National currency","Value at the end of the period","1.2868"
"2006M06","Pound sterling","National currency","Value at the end of the period","0.69210"
"2006M06","Swiss franc","National currency","Value at the end of the period","1.5672"
"2006M06","US dollar","National currency","Value at the end of the period","1.2713"
"2006M07","Pound sterling","National currency","Value at the end of the period","0.68430"
"2006M07","Swiss franc","National currency","Value at the end of the period","1.5713"
"2006M07","US dollar","National currency","Value at the end of the period","1.2767"
"2006M08","Pound sterling","National currency","Value at the end of the period","0.67410"
"2006M08","Swiss franc","National currency","Value at the end of the period","1.5751"
"2006M08","US dollar","National currency","Value at the end of the period","1.2851"
"2006M09","Pound sterling","National currency","Value at the end of the period","0.67770"
"2006M09","Swiss franc","National currency","Value at the end of the period","1.5881"
"2006M09","US dollar","National currency","Value at the end of the period","1.2660"
"2006M10","Pound sterling","National currency","Value at the end of the period","0.66850"
"2006M10","Swiss franc","National currency","Value at the end of the period","1.5887"
"2006M10","US dollar","National currency","Value at the end of the period","1.2696"
"2006M11","Pound sterling","National currency","Value at the end of the period","0.67425"
"2006M11","Swiss franc","National currency","Value at the end of the period","1.5916"
"2006M11","US dollar","National currency","Value at the end of the period","1.3200"
"2006M12","Pound sterling","National currency","Value at the end of the period","0.67150"
"2006M12","Swiss franc","National currency","Value at the end of the period","1.6069"
"2006M12","US dollar","National currency","Value at the end of the period","1.3170"
"2007M01","Pound sterling","National currency","Value at the end of the period","0.66325"
"2007M01","Swiss franc","National currency","Value at the end of the period","1.6214"
"2007M01","US dollar","National currency","Value at the end of the period","1.2954"
"2007M02","Pound sterling","National currency","Value at the end of the period","0.67365"
"2007M02","Swiss franc","National currency","Value at the end of the period","1.6136"
"2007M02","US dollar","National currency","Value at the end of the period","1.3211"
"2007M03","Pound sterling","National currency","Value at the end of the period","0.67980"
"2007M03","Swiss franc","National currency","Value at the end of the period","1.6247"
"2007M03","US dollar","National currency","Value at the end of the period","1.3318"
"2007M04","Pound sterling","National currency","Value at the end of the period","0.68270"
"2007M04","Swiss franc","National currency","Value at the end of the period","1.6458"
"2007M04","US dollar","National currency","Value at the end of the period","1.3605"
"2007M05","Pound sterling","National currency","Value at the end of the period","0.68005"
"2007M05","Swiss franc","National currency","Value at the end of the period","1.6477"
"2007M05","US dollar","National currency","Value at the end of the period","1.3453"
"2007M06","Pound sterling","National currency","Value at the end of the period","0.67400"
"2007M06","Swiss franc","National currency","Value at the end of the period","1.6553"
"2007M06","US dollar","National currency","Value at the end of the period","1.3505"
"2007M07","Pound sterling","National currency","Value at the end of the period","0.67400"
"2007M07","Swiss franc","National currency","Value at the end of the period","1.6519"
"2007M07","US dollar","National currency","Value at the end of the period","1.3707"
"2007M08","Pound sterling","National currency","Value at the end of the period","0.67795"
"2007M08","Swiss franc","National currency","Value at the end of the period","1.6451"
"2007M08","US dollar","National currency","Value at the end of the period","1.3705"
"2007M09","Pound sterling","National currency","Value at the end of the period","0.69680"
"2007M09","Swiss franc","National currency","Value at the end of the period","1.6601"
"2007M09","US dollar","National currency","Value at the end of the period","1.4179"
"2007M10","Pound sterling","National currency","Value at the end of the period","0.69730"
"2007M10","Swiss franc","National currency","Value at the end of the period","1.6762"
"2007M10","US dollar","National currency","Value at the end of the period","1.4447"
"2007M11","Pound sterling","National currency","Value at the end of the period","0.71455"
"2007M11","Swiss franc","National currency","Value at the end of the period","1.6541"
"2007M11","US dollar","National currency","Value at the end of the period","1.4761"
"2007M12","Pound sterling","National currency","Value at the end of the period","0.73335"
"2007M12","Swiss franc","National currency","Value at the end of the period","1.6547"
"2007M12","US dollar","National currency","Value at the end of the period","1.4721"
"2008M01","Pound sterling","National currency","Value at the end of the period","0.74770"
"2008M01","Swiss franc","National currency","Value at the end of the period","1.6051"
"2008M01","US dollar","National currency","Value at the end of the period","1.4870"
"2008M02","Pound sterling","National currency","Value at the end of the period","0.76520"
"2008M02","Swiss franc","National currency","Value at the end of the period","1.5885"
"2008M02","US dollar","National currency","Value at the end of the period","1.5167"
"2008M03","Pound sterling","National currency","Value at the end of the period","0.79580"
"2008M03","Swiss franc","National currency","Value at the end of the period","1.5738"
"2008M03","US dollar","National currency","Value at the end of the period","1.5812"
"2008M04","Pound sterling","National currency","Value at the end of the period","0.79015"
"2008M04","Swiss franc","National currency","Value at the end of the period","1.6147"
"2008M04","US dollar","National currency","Value at the end of the period","1.5540"
"2008M05","Pound sterling","National currency","Value at the end of the period","0.78600"
"2008M05","Swiss franc","National currency","Value at the end of the period","1.6276"
"2008M05","US dollar","National currency","Value at the end of the period","1.5508"
"2008M06","Pound sterling","National currency","Value at the end of the period","0.79225"
"2008M06","Swiss franc","National currency","Value at the end of the period","1.6056"
"2008M06","US dollar","National currency","Value at the end of the period","1.5764"
"2008M07","Pound sterling","National currency","Value at the end of the period","0.78895"
"2008M07","Swiss franc","National currency","Value at the end of the period","1.6354"
"2008M07","US dollar","National currency","Value at the end of the period","1.5611"
"2008M08","Pound sterling","National currency","Value at the end of the period","0.80500"
"2008M08","Swiss franc","National currency","Value at the end of the period","1.6164"
"2008M08","US dollar","National currency","Value at the end of the period","1.4735"
"2008M09","Pound sterling","National currency","Value at the end of the period","0.79030"
"2008M09","Swiss franc","National currency","Value at the end of the period","1.5774"
"2008M09","US dollar","National currency","Value at the end of the period","1.4303"
"2008M10","Pound sterling","National currency","Value at the end of the period","0.78690"
"2008M10","Swiss franc","National currency","Value at the end of the period","1.4686"
"2008M10","US dollar","National currency","Value at the end of the period","1.2757"
"2008M11","Pound sterling","National currency","Value at the end of the period","0.82990"
"2008M11","Swiss franc","National currency","Value at the end of the period","1.5455"
"2008M11","US dollar","National currency","Value at the end of the period","1.2727"
"2008M12","Pound sterling","National currency","Value at the end of the period","0.95250"
"2008M12","Swiss franc","National currency","Value at the end of the period","1.4850"
"2008M12","US dollar","National currency","Value at the end of the period","1.3917"
"2009M01","Pound sterling","National currency","Value at the end of the period","0.89785"
"2009M01","Swiss franc","National currency","Value at the end of the period","1.4871"
"2009M01","US dollar","National currency","Value at the end of the period","1.2816"
"2009M02","Pound sterling","National currency","Value at the end of the period","0.89310"
"2009M02","Swiss franc","National currency","Value at the end of the period","1.4841"
"2009M02","US dollar","National currency","Value at the end of the period","1.2644"
"2009M03","Pound sterling","National currency","Value at the end of the period","0.93080"
"2009M03","Swiss franc","National currency","Value at the end of the period","1.5152"
"2009M03","US dollar","National currency","Value at the end of the period","1.3308"
"2009M04","Pound sterling","National currency","Value at the end of the period","0.89335"
"2009M04","Swiss franc","National currency","Value at the end of the period","1.5066"
"2009M04","US dollar","National currency","Value at the end of the period","1.3275"
"2009M05","Pound sterling","National currency","Value at the end of the period","0.87290"
"2009M05","Swiss franc","National currency","Value at the end of the period","1.5128"
"2009M05","US dollar","National currency","Value at the end of the period","1.4098"
"2009M06","Pound sterling","National currency","Value at the end of the period","0.85210"
"2009M06","Swiss franc","National currency","Value at the end of the period","1.5265"
"2009M06","US dollar","National currency","Value at the end of the period","1.4134"
"2009M07","Pound sterling","National currency","Value at the end of the period","0.85560"
"2009M07","Swiss franc","National currency","Value at the end of the period","1.5317"
"2009M07","US dollar","National currency","Value at the end of the period","1.4138"
"2009M08","Pound sterling","National currency","Value at the end of the period","0.88135"
"2009M08","Swiss franc","National currency","Value at the end of the period","1.5168"
"2009M08","US dollar","National currency","Value at the end of the period","1.4272"
"2009M09","Pound sterling","National currency","Value at the end of the period","0.90930"
"2009M09","Swiss franc","National currency","Value at the end of the period","1.5078"
"2009M09","US dollar","National currency","Value at the end of the period","1.4643"
"2009M10","Pound sterling","National currency","Value at the end of the period","0.89375"
"2009M10","Swiss franc","National currency","Value at the end of the period","1.5123"
"2009M10","US dollar","National currency","Value at the end of the period","1.4800"
"2009M11","Pound sterling","National currency","Value at the end of the period","0.91155"
"2009M11","Swiss franc","National currency","Value at the end of the period","1.5071"
"2009M11","US dollar","National currency","Value at the end of the period","1.5023"
"2009M12","Pound sterling","National currency","Value at the end of the period","0.88810"
"2009M12","Swiss franc","National currency","Value at the end of the period","1.4836"
"2009M12","US dollar","National currency","Value at the end of the period","1.4406"
"2010M01","Pound sterling","National currency","Value at the end of the period","0.86655"
"2010M01","Swiss franc","National currency","Value at the end of the period","1.4662"
"2010M01","US dollar","National currency","Value at the end of the period","1.3966"
"2010M02","Pound sterling","National currency","Value at the end of the period","0.89270"
"2010M02","Swiss franc","National currency","Value at the end of the period","1.4638"
"2010M02","US dollar","National currency","Value at the end of the period","1.3570"
"2010M03","Pound sterling","National currency","Value at the end of the period","0.88980"
"2010M03","Swiss franc","National currency","Value at the end of the period","1.4276"
"2010M03","US dollar","National currency","Value at the end of the period","1.3479"
"2010M04","Pound sterling","National currency","Value at the end of the period","0.87030"
"2010M04","Swiss franc","National currency","Value at the end of the period","1.4341"
"2010M04","US dollar","National currency","Value at the end of the period","1.3315"
"2010M05","Pound sterling","National currency","Value at the end of the period","0.84863"
"2010M05","Swiss franc","National currency","Value at the end of the period","1.4230"
"2010M05","US dollar","National currency","Value at the end of the period","1.2307"
"2010M06","Pound sterling","National currency","Value at the end of the period","0.81745"
"2010M06","Swiss franc","National currency","Value at the end of the period","1.3283"
"2010M06","US dollar","National currency","Value at the end of the period","1.2271"
"2010M07","Pound sterling","National currency","Value at the end of the period","0.83490"
"2010M07","Swiss franc","National currency","Value at the end of the period","1.3541"
"2010M07","US dollar","National currency","Value at the end of the period","1.3028"
"2010M08","Pound sterling","National currency","Value at the end of the period","0.82480"
"2010M08","Swiss franc","National currency","Value at the end of the period","1.2935"
"2010M08","US dollar","National currency","Value at the end of the period","1.2680"
"2010M09","Pound sterling","National currency","Value at the end of the period","0.85995"
"2010M09","Swiss franc","National currency","Value at the end of the period","1.3287"
"2010M09","US dollar","National currency","Value at the end of the period","1.3648"
"2010M10","Pound sterling","National currency","Value at the end of the period","0.86860"
"2010M10","Swiss franc","National currency","Value at the end of the period","1.3708"
"2010M10","US dollar","National currency","Value at the end of the period","1.3857"
"2010M11","Pound sterling","National currency","Value at the end of the period","0.83765"
"2010M11","Swiss franc","National currency","Value at the end of the period","1.2990"
"2010M11","US dollar","National currency","Value at the end of the period","1.2998"
"2010M12","Pound sterling","National currency","Value at the end of the period","0.86075"
"2010M12","Swiss franc","National currency","Value at the end of the period","1.2504"
"2010M12","US dollar","National currency","Value at the end of the period","1.3362"
"2011M01","Pound sterling","National currency","Value at the end of the period","0.86090"
"2011M01","Swiss franc","National currency","Value at the end of the period","1.2891"
"2011M01","US dollar","National currency","Value at the end of the period","1.3692"
"2011M02","Pound sterling","National currency","Value at the end of the period","0.85280"
"2011M02","Swiss franc","National currency","Value at the end of the period","1.2840"
"2011M02","US dollar","National currency","Value at the end of the period","1.3834"
"2011M03","Pound sterling","National currency","Value at the end of the period","0.88370"
"2011M03","Swiss franc","National currency","Value at the end of the period","1.3005"
"2011M03","US dollar","National currency","Value at the end of the period","1.4207"
"2011M04","Pound sterling","National currency","Value at the end of the period","0.89170"
"2011M04","Swiss franc","National currency","Value at the end of the period","1.2867"
"2011M04","US dollar","National currency","Value at the end of the period","1.4860"
"2011M05","Pound sterling","National currency","Value at the end of the period","0.87205"
"2011M05","Swiss franc","National currency","Value at the end of the period","1.2275"
"2011M05","US dollar","National currency","Value at the end of the period","1.4385"
"2011M06","Pound sterling","National currency","Value at the end of the period","0.90255"
"2011M06","Swiss franc","National currency","Value at the end of the period","1.2071"
"2011M06","US dollar","National currency","Value at the end of the period","1.4453"
"2011M07","Pound sterling","National currency","Value at the end of the period","0.87485"
"2011M07","Swiss franc","National currency","Value at the end of the period","1.1418"
"2011M07","US dollar","National currency","Value at the end of the period","1.4260"
"2011M08","Pound sterling","National currency","Value at the end of the period","0.88560"
"2011M08","Swiss franc","National currency","Value at the end of the period","1.1670"
"2011M08","US dollar","National currency","Value at the end of the period","1.4450"
"2011M09","Pound sterling","National currency","Value at the end of the period","0.86665"
"2011M09","Swiss franc","National currency","Value at the end of the period","1.2170"
"2011M09","US dollar","National currency","Value at the end of the period","1.3503"
"2011M10","Pound sterling","National currency","Value at the end of the period","0.87310"
"2011M10","Swiss franc","National currency","Value at the end of the period","1.2191"
"2011M10","US dollar","National currency","Value at the end of the period","1.4001"
"2011M11","Pound sterling","National currency","Value at the end of the period","0.85580"
"2011M11","Swiss franc","National currency","Value at the end of the period","1.2265"
"2011M11","US dollar","National currency","Value at the end of the period","1.3418"
"2011M12","Pound sterling","National currency","Value at the end of the period","0.83530"
"2011M12","Swiss franc","National currency","Value at the end of the period","1.2156"
"2011M12","US dollar","National currency","Value at the end of the period","1.2939"
"2012M01","Pound sterling","National currency","Value at the end of the period","0.83510"
"2012M01","Swiss franc","National currency","Value at the end of the period","1.2048"
"2012M01","US dollar","National currency","Value at the end of the period","1.3176"
"2012M02","Pound sterling","National currency","Value at the end of the period","0.84390"
"2012M02","Swiss franc","National currency","Value at the end of the period","1.2051"
"2012M02","US dollar","National currency","Value at the end of the period","1.3443"
"2012M03","Pound sterling","National currency","Value at the end of the period","0.83390"
"2012M03","Swiss franc","National currency","Value at the end of the period","1.2045"
"2012M03","US dollar","National currency","Value at the end of the period","1.3356"
"2012M04","Pound sterling","National currency","Value at the end of the period","0.81295"
"2012M04","Swiss franc","National currency","Value at the end of the period","1.2018"
"2012M04","US dollar","National currency","Value at the end of the period","1.3214"
"2012M05","Pound sterling","National currency","Value at the end of the period","0.79990"
"2012M05","Swiss franc","National currency","Value at the end of the period","1.2010"
"2012M05","US dollar","National currency","Value at the end of the period","1.2403"
"2012M06","Pound sterling","National currency","Value at the end of the period","0.80680"
"2012M06","Swiss franc","National currency","Value at the end of the period","1.2030"
"2012M06","US dollar","National currency","Value at the end of the period","1.2590"
"2012M07","Pound sterling","National currency","Value at the end of the period","0.78395"
"2012M07","Swiss franc","National currency","Value at the end of the period","1.2014"
"2012M07","US dollar","National currency","Value at the end of the period","1.2284"
"2012M08","Pound sterling","National currency","Value at the end of the period","0.79525"
"2012M08","Swiss franc","National currency","Value at the end of the period","1.2009"
"2012M08","US dollar","National currency","Value at the end of the period","1.2611"
"2012M09","Pound sterling","National currency","Value at the end of the period","0.79805"
"2012M09","Swiss franc","National currency","Value at the end of the period","1.2099"
"2012M09","US dollar","National currency","Value at the end of the period","1.2930"
"2012M10","Pound sterling","National currency","Value at the end of the period","0.80645"
"2012M10","Swiss franc","National currency","Value at the end of the period","1.2076"
"2012M10","US dollar","National currency","Value at the end of the period","1.2993"
"2012M11","Pound sterling","National currency","Value at the end of the period","0.81080"
"2012M11","Swiss franc","National currency","Value at the end of the period","1.2054"
"2012M11","US dollar","National currency","Value at the end of the period","1.2986"
"2012M12","Pound sterling","National currency","Value at the end of the period","0.81610"
"2012M12","Swiss franc","National currency","Value at the end of the period","1.2072"
"2012M12","US dollar","National currency","Value at the end of the period","1.3194"
"2013M01","Pound sterling","National currency","Value at the end of the period","0.85700"
"2013M01","Swiss franc","National currency","Value at the end of the period","1.2342"
"2013M01","US dollar","National currency","Value at the end of the period","1.3550"
"2013M02","Pound sterling","National currency","Value at the end of the period","0.86300"
"2013M02","Swiss franc","National currency","Value at the end of the period","1.2209"
"2013M02","US dollar","National currency","Value at the end of the period","1.3129"
"2013M03","Pound sterling","National currency","Value at the end of the period","0.84560"
"2013M03","Swiss franc","National currency","Value at the end of the period","1.2195"
"2013M03","US dollar","National currency","Value at the end of the period","1.2805"
"2013M04","Pound sterling","National currency","Value at the end of the period","0.84430"
"2013M04","Swiss franc","National currency","Value at the end of the period","1.2238"
"2013M04","US dollar","National currency","Value at the end of the period","1.3072"
"2013M05","Pound sterling","National currency","Value at the end of the period","0.85365"
"2013M05","Swiss franc","National currency","Value at the end of the period","1.2406"
"2013M05","US dollar","National currency","Value at the end of the period","1.3006"
"2013M06","Pound sterling","National currency","Value at the end of the period","0.85720"
"2013M06","Swiss franc","National currency","Value at the end of the period","1.2338"
"2013M06","US dollar","National currency","Value at the end of the period","1.3080"
"2013M07","Pound sterling","National currency","Value at the end of the period","0.87350"
"2013M07","Swiss franc","National currency","Value at the end of the period","1.2317"
"2013M07","US dollar","National currency","Value at the end of the period","1.3275"
"2013M08","Pound sterling","National currency","Value at the end of the period","0.85395"
"2013M08","Swiss franc","National currency","Value at the end of the period","1.2310"
"2013M08","US dollar","National currency","Value at the end of the period","1.3235"
"2013M09","Pound sterling","National currency","Value at the end of the period","0.83605"
"2013M09","Swiss franc","National currency","Value at the end of the period","1.2225"
"2013M09","US dollar","National currency","Value at the end of the period","1.3505"
"2013M10","Pound sterling","National currency","Value at the end of the period","0.85020"
"2013M10","Swiss franc","National currency","Value at the end of the period","1.2333"
"2013M10","US dollar","National currency","Value at the end of the period","1.3641"
"2013M11","Pound sterling","National currency","Value at the end of the period","0.83275"
"2013M11","Swiss franc","National currency","Value at the end of the period","1.2298"
"2013M11","US dollar","National currency","Value at the end of the period","1.3611"
"2013M12","Pound sterling","National currency","Value at the end of the period","0.83370"
"2013M12","Swiss franc","National currency","Value at the end of the period","1.2276"
"2013M12","US dollar","National currency","Value at the end of the period","1.3791"
"2014M01","Pound sterling","National currency","Value at the end of the period","0.82135"
"2014M01","Swiss franc","National currency","Value at the end of the period","1.2220"
"2014M01","US dollar","National currency","Value at the end of the period","1.3516"
"2014M02","Pound sterling","National currency","Value at the end of the period","0.82625"
"2014M02","Swiss franc","National currency","Value at the end of the period","1.2153"
"2014M02","US dollar","National currency","Value at the end of the period","1.3813"
"2014M03","Pound sterling","National currency","Value at the end of the period","0.82820"
"2014M03","Swiss franc","National currency","Value at the end of the period","1.2194"
"2014M03","US dollar","National currency","Value at the end of the period","1.3788"
"2014M04","Pound sterling","National currency","Value at the end of the period","0.82300"
"2014M04","Swiss franc","National currency","Value at the end of the period","1.2200"
"2014M04","US dollar","National currency","Value at the end of the period","1.3850"
"2014M05","Pound sterling","National currency","Value at the end of the period","0.81310"
"2014M05","Swiss franc","National currency","Value at the end of the period","1.2204"
"2014M05","US dollar","National currency","Value at the end of the period","1.3607"
"2014M06","Pound sterling","National currency","Value at the end of the period","0.80150"
"2014M06","Swiss franc","National currency","Value at the end of the period","1.2156"
"2014M06","US dollar","National currency","Value at the end of the period","1.3658"
"2014M07","Pound sterling","National currency","Value at the end of the period","0.79280"
"2014M07","Swiss franc","National currency","Value at the end of the period","1.2169"
"2014M07","US dollar","National currency","Value at the end of the period","1.3379"
"2014M08","Pound sterling","National currency","Value at the end of the period","0.79530"
"2014M08","Swiss franc","National currency","Value at the end of the period","1.2061"
"2014M08","US dollar","National currency","Value at the end of the period","1.3188"
"2014M09","Pound sterling","National currency","Value at the end of the period","0.77730"
"2014M09","Swiss franc","National currency","Value at the end of the period","1.2063"
"2014M09","US dollar","National currency","Value at the end of the period","1.2583"
"2014M10","Pound sterling","National currency","Value at the end of the period","0.78425"
"2014M10","Swiss franc","National currency","Value at the end of the period","1.2067"
"2014M10","US dollar","National currency","Value at the end of the period","1.2524"
"2014M11","Pound sterling","National currency","Value at the end of the period","0.79530"
"2014M11","Swiss franc","National currency","Value at the end of the period","1.2018"
"2014M11","US dollar","National currency","Value at the end of the period","1.2483"
"2014M12","Pound sterling","National currency","Value at the end of the period","0.77890"
"2014M12","Swiss franc","National currency","Value at the end of the period","1.2024"
"2014M12","US dollar","National currency","Value at the end of the period","1.2141"
"2015M01","Pound sterling","National currency","Value at the end of the period","0.75110"
"2015M01","Swiss franc","National currency","Value at the end of the period","1.0468"
"2015M01","US dollar","National currency","Value at the end of the period","1.1305"
"2015M02","Pound sterling","National currency","Value at the end of the period","0.72780"
"2015M02","Swiss franc","National currency","Value at the end of the period","1.0636"
"2015M02","US dollar","National currency","Value at the end of the period","1.1240"
"2015M03","Pound sterling","National currency","Value at the end of the period","0.72730"
"2015M03","Swiss franc","National currency","Value at the end of the period","1.0463"
"2015M03","US dollar","National currency","Value at the end of the period","1.0759"
"2015M04","Pound sterling","National currency","Value at the end of the period","0.72670"
"2015M04","Swiss franc","National currency","Value at the end of the period","1.0486"
"2015M04","US dollar","National currency","Value at the end of the period","1.1215"
"2015M05","Pound sterling","National currency","Value at the end of the period","0.71900"
"2015M05","Swiss franc","National currency","Value at the end of the period","1.0341"
"2015M05","US dollar","National currency","Value at the end of the period","1.0970"
"2015M06","Pound sterling","National currency","Value at the end of the period","0.71140"
"2015M06","Swiss franc","National currency","Value at the end of the period","1.0413"
"2015M06","US dollar","National currency","Value at the end of the period","1.1189"
"2015M07","Pound sterling","National currency","Value at the end of the period","0.70410"
"2015M07","Swiss franc","National currency","Value at the end of the period","1.0565"
"2015M07","US dollar","National currency","Value at the end of the period","1.0967"
"2015M08","Pound sterling","National currency","Value at the end of the period","0.72753"
"2015M08","Swiss franc","National currency","Value at the end of the period","1.0825"
"2015M08","US dollar","National currency","Value at the end of the period","1.1215"
"2015M09","Pound sterling","National currency","Value at the end of the period","0.73850"
"2015M09","Swiss franc","National currency","Value at the end of the period","1.0915"
"2015M09","US dollar","National currency","Value at the end of the period","1.1203"
"2015M10","Pound sterling","National currency","Value at the end of the period","0.71820"
"2015M10","Swiss franc","National currency","Value at the end of the period","1.0900"
"2015M10","US dollar","National currency","Value at the end of the period","1.1017"
"2015M11","Pound sterling","National currency","Value at the end of the period","0.70480"
"2015M11","Swiss franc","National currency","Value at the end of the period","1.0903"
"2015M11","US dollar","National currency","Value at the end of the period","1.0579"
"2015M12","Pound sterling","National currency","Value at the end of the period","0.73395"
"2015M12","Swiss franc","National currency","Value at the end of the period","1.0835"
"2015M12","US dollar","National currency","Value at the end of the period","1.0887"
"2016M01","Pound sterling","National currency","Value at the end of the period","0.76410"
"2016M01","Swiss franc","National currency","Value at the end of the period","1.1144"
"2016M01","US dollar","National currency","Value at the end of the period","1.0920"
"2016M02","Pound sterling","National currency","Value at the end of the period","0.78580"
"2016M02","Swiss franc","National currency","Value at the end of the period","1.0914"
"2016M02","US dollar","National currency","Value at the end of the period","1.0888"
"2016M03","Pound sterling","National currency","Value at the end of the period","0.79155"
"2016M03","Swiss franc","National currency","Value at the end of the period","1.0931"
"2016M03","US dollar","National currency","Value at the end of the period","1.1385"
"2016M04","Pound sterling","National currency","Value at the end of the period","0.78025"
"2016M04","Swiss franc","National currency","Value at the end of the period","1.0984"
"2016M04","US dollar","National currency","Value at the end of the period","1.1403"
"2016M05","Pound sterling","National currency","Value at the end of the period","0.76185"
"2016M05","Swiss franc","National currency","Value at the end of the period","1.1044"
"2016M05","US dollar","National currency","Value at the end of the period","1.1154"
"2016M06","Pound sterling","National currency","Value at the end of the period","0.82650"
"2016M06","Swiss franc","National currency","Value at the end of the period","1.0867"
"2016M06","US dollar","National currency","Value at the end of the period","1.1102"
"2016M07","Pound sterling","National currency","Value at the end of the period","0.84400"
"2016M07","Swiss franc","National currency","Value at the end of the period","1.0823"
"2016M07","US dollar","National currency","Value at the end of the period","1.1113"
"2016M08","Pound sterling","National currency","Value at the end of the period","0.84806"
"2016M08","Swiss franc","National currency","Value at the end of the period","1.0957"
"2016M08","US dollar","National currency","Value at the end of the period","1.1132"
"2016M09","Pound sterling","National currency","Value at the end of the period","0.86103"
"2016M09","Swiss franc","National currency","Value at the end of the period","1.0876"
"2016M09","US dollar","National currency","Value at the end of the period","1.1161"
"2016M10","Pound sterling","National currency","Value at the end of the period","0.90050"
"2016M10","Swiss franc","National currency","Value at the end of the period","1.0820"
"2016M10","US dollar","National currency","Value at the end of the period","1.0946"
"2016M11","Pound sterling","National currency","Value at the end of the period","0.85250"
"2016M11","Swiss franc","National currency","Value at the end of the period","1.0803"
"2016M11","US dollar","National currency","Value at the end of the period","1.0635"
"2016M12","Pound sterling","National currency","Value at the end of the period","0.85618"
"2016M12","Swiss franc","National currency","Value at the end of the period","1.0739"
"2016M12","US dollar","National currency","Value at the end of the period","1.0541"
